Workbook

Sheet Base de Dados
A1: ="Base de dados — previsões do mês · "&$B$3 -> Base de dados — previsões do mês · [Nome do cliente]
A2: Preencha só as células amarelas (letras azuis). Todas as outras abas se calculam sozinhas a partir daqui.
A3: Cliente / profissional | B3: [Nome do cliente]
A4: Mês de referência (1º dia do mês) | B4: 46296 | C4: Qualquer dia do mês serve; a planilha usa o mês inteiro.
A5: Investimento previsto (R$) | B5: 30000 | C5: Quanto será investido em anúncios no mês.
A6: Data de hoje (para saber o que já passou) | B6: =TODAY() -> 46308 | C6: Vem da data do computador. Para simular outro dia, digite a data (azul).
A7: Reduzir as metas seguintes quando eu superar a meta? | B7: Não | C7: "Não": a meta só sobe quando fico abaixo. "Sim": ela também cai quando eu supero.
A9: Etapa | B9: Como definir | C9: Valor previsto | D9: Unidade do valor | E9: Meta do mês (nº) | F9: Custo por unidade (R$) | G9: % da etapa anterior | H9: Alerta
A10: Lead | B10: Custo | C10: 35 | D10: =IF(B10="Custo","R$ por "&LOWER(A10),IF(B10="Porcentagem","% da etapa anterior",IF(B10="Número","unidades no mês",""))) -> R$ por lead | E10: =IFERROR(IF(C10="","",IF(B10="Custo",ROUNDUP(ROUND($B$5/C10,6),0),IF(B10="Número",ROUNDUP(ROUND(C10,6),0),""))),"") -> 858 | F10: =IF(AND(ISNUMBER(E10),$B$5>0),IF(B10="Custo",C10,IF(E10>0,$B$5/E10,"")),"") -> 35 | G10: — | H10: =IF(C10="","Preencha o valor",IF(AND(B10="Custo",$B$5<=0),"Informe o investimento previsto",IF(E10="","Confira o valor","")))
A11: Lead em cotação | B11: Porcentagem | C11: 20 | D11: =IF(B11="Custo","R$ por "&LOWER(A11),IF(B11="Porcentagem","% da etapa anterior",IF(B11="Número","unidades no mês",""))) -> % da etapa anterior | E11: =IFERROR(IF(C11="","",IF(B11="Custo",ROUNDUP(ROUND($B$5/C11,6),0),IF(B11="Porcentagem",IF(ISNUMBER(E10),ROUNDUP(ROUND(E10*C11/100,6),0),""),IF(B11="Número",ROUNDUP(ROUND(C11,6),0),"")))),"") -> 172 | F11: =IF(AND(ISNUMBER(E11),$B$5>0),IF(B11="Custo",C11,IF(E11>0,$B$5/E11,"")),"") -> 174.4186 | G11: =IF(AND(ISNUMBER(E11),ISNUMBER(E10)),IF(E10>0,E11/E10,""),"") -> 0.2004662 | H11: =IF(C11="","Preencha o valor",IF(AND(B11="Porcentagem",C11>100),"Porcentagem acima de 100",IF(AND(B11="Porcentagem",NOT(ISNUMBER(E10))),"Defina a etapa anterior",IF(AND(B11="Custo",$B$5<=0),"Informe o investimento previsto",IF(E11="","Confira o valor","")))))
A12: Lead em negociação | B12: Porcentagem | C12: 60 | D12: =IF(B12="Custo","R$ por "&LOWER(A12),IF(B12="Porcentagem","% da etapa anterior",IF(B12="Número","unidades no mês",""))) -> % da etapa anterior | E12: =IFERROR(IF(C12="","",IF(B12="Custo",ROUNDUP(ROUND($B$5/C12,6),0),IF(B12="Porcentagem",IF(ISNUMBER(E11),ROUNDUP(ROUND(E11*C12/100,6),0),""),IF(B12="Número",ROUNDUP(ROUND(C12,6),0),"")))),"") -> 104 | F12: =IF(AND(ISNUMBER(E12),$B$5>0),IF(B12="Custo",C12,IF(E12>0,$B$5/E12,"")),"") -> 288.46154 | G12: =IF(AND(ISNUMBER(E12),ISNUMBER(E11)),IF(E11>0,E12/E11,""),"") -> 0.60465116 | H12: =IF(C12="","Preencha o valor",IF(AND(B12="Porcentagem",C12>100),"Porcentagem acima de 100",IF(AND(B12="Porcentagem",NOT(ISNUMBER(E11))),"Defina a etapa anterior",IF(AND(B12="Custo",$B$5<=0),"Informe o investimento previsto",IF(E12="","Confira o valor","")))))
A13: Venda | B13: Porcentagem | C13: 30 | D13: =IF(B13="Custo","R$ por "&LOWER(A13),IF(B13="Porcentagem","% da etapa anterior",IF(B13="Número","unidades no mês",""))) -> % da etapa anterior | E13: =IFERROR(IF(C13="","",IF(B13="Custo",ROUNDUP(ROUND($B$5/C13,6),0),IF(B13="Porcentagem",IF(ISNUMBER(E12),ROUNDUP(ROUND(E12*C13/100,6),0),""),IF(B13="Número",ROUNDUP(ROUND(C13,6),0),"")))),"") -> 32 | F13: =IF(AND(ISNUMBER(E13),$B$5>0),IF(B13="Custo",C13,IF(E13>0,$B$5/E13,"")),"") -> 937.5 | G13: =IF(AND(ISNUMBER(E13),ISNUMBER(E12)),IF(E12>0,E13/E12,""),"") -> 0.30769231 | H13: =IF(C13="","Preencha o valor",IF(AND(B13="Porcentagem",C13>100),"Porcentagem acima de 100",IF(AND(B13="Porcentagem",NOT(ISNUMBER(E12))),"Defina a etapa anterior",IF(AND(B13="Custo",$B$5<=0),"Informe o investimento previsto",IF(E13="","Confira o valor","")))))
A15: Os números atuais são um exemplo: investimento R$ 30.000, lead a R$ 35,00 (858 leads), cotação em 20% dos leads, negociação em 60% das cotações, venda em 30% das negociações. Troque pelos seus.
A17: Como usar
A18: 1. | B18: Preencha o mês, o investimento previsto e, para cada etapa, escolha "Custo" (R$ por unidade), "Porcentagem" (% da etapa anterior, digite 20 para 20%) ou "Número" (quantidade exata no mês).
A19: 2. | B19: Lead só aceita Custo ou Número: ele é o início do funil, não tem etapa anterior. As demais etapas aceitam os três.
A20: 3. | B20: Pessoas (leads, cotações, negociações, vendas) são sempre números inteiros: o total do mês é arredondado para cima.
A21: 4. | B21: Em "Meta Diária", digite só o REALIZADO de cada dia (células amarelas). As metas de semana e de dia se ajustam sozinhas.
A22: 5. | B22: Compensação: ficou abaixo no dia 1, a meta do dia 2 sobe; ficou abaixo na semana 1, a meta da semana 2 sobe. Dias passados sem lançamento contam como 0; hoje e dias futuros sem lançamento são considerados cumpridos.
A23: 6. | B23: Feriados nacionais já saem como folga (aba Folgas). Acrescente ali feriados locais ou dias sem expediente.
A24: Cores | B24: Azul = valor que você digita · Preto = fórmula · Verde = ligação entre abas · Fundo amarelo = célula para preencher.

Sheet Meta Mensal
A1: ="Meta mensal · "&'Base de Dados'!$B$3 -> Meta mensal · [Nome do cliente]
A3: Mês | B3: ='Base de Dados'!$B$4 -> 46296 | C3: Dias úteis | D3: =Cálculo!B2 -> 21 | E3: Dias encerrados | F3: =Cálculo!B3 -> 7 | G3: Hoje | H3: ='Base de Dados'!$B$6 -> 46308
A5: Métrica | B5: Meta do mês | C5: Realizado | D5: % da meta | E5: Falta | F5: Situação
A6: Investimento (R$) | B6: =IF(ISNUMBER('Base de Dados'!$B$5),'Base de Dados'!$B$5,"") -> 30000 | C6: =IF(COUNT('Meta Diária'!G6:G36)=0,"",SUM('Meta Diária'!G6:G36)) | D6: =IF(AND(ISNUMBER(B6),B6>0,ISNUMBER(C6)),C6/B6,"") | E6: =IF(ISNUMBER(B6),MAX(B6-N(C6),0),"") -> 30000 | F6: =IF(NOT(ISNUMBER(B6)),"—",IF($F$3=0,"Aguardando",IF(N(C6)>=B6*$F$3/$D$3,"No ritmo",IF(N(C6)>=0.7*B6*$F$3/$D$3,"Atenção","Abaixo do ritmo")))) -> Abaixo do ritmo
A7: Lead | B7: =IF(ISNUMBER('Base de Dados'!$E$10),'Base de Dados'!$E$10,"") -> 858 | C7: =IF(COUNT('Meta Diária'!I6:I36)=0,"",SUM('Meta Diária'!I6:I36)) | D7: =IF(AND(ISNUMBER(B7),B7>0,ISNUMBER(C7)),C7/B7,"") | E7: =IF(ISNUMBER(B7),MAX(B7-N(C7),0),"") -> 858 | F7: =IF(NOT(ISNUMBER(B7)),"—",IF($F$3=0,"Aguardando",IF(N(C7)>=B7*$F$3/$D$3,"No ritmo",IF(N(C7)>=0.7*B7*$F$3/$D$3,"Atenção","Abaixo do ritmo")))) -> Abaixo do ritmo
A8: Custo por lead (teto) | B8: =IF(ISNUMBER('Base de Dados'!$F$10),'Base de Dados'!$F$10,"") -> 35 | C8: =IF(AND(COUNT('Meta Diária'!G6:G36)>0,COUNT('Meta Diária'!I6:I36)>0),IF(SUM('Meta Diária'!I6:I36)>0,SUM('Meta Diária'!G6:G36)/SUM('Meta Diária'!I6:I36),""),"") | F8: =IF(NOT(ISNUMBER(B8)),"—",IF(NOT(ISNUMBER(C8)),"Aguardando",IF(C8<=B8,"Dentro do teto",IF(C8<=B8*1.2,"Atenção","Acima do teto")))) -> Aguardando
A9: Lead em cotação | B9: =IF(ISNUMBER('Base de Dados'!$E$11),'Base de Dados'!$E$11,"") -> 172 | C9: =IF(COUNT('Meta Diária'!K6:K36)=0,"",SUM('Meta Diária'!K6:K36)) | D9: =IF(AND(ISNUMBER(B9),B9>0,ISNUMBER(C9)),C9/B9,"") | E9: =IF(ISNUMBER(B9),MAX(B9-N(C9),0),"") -> 172 | F9: =IF(NOT(ISNUMBER(B9)),"—",IF($F$3=0,"Aguardando",IF(N(C9)>=B9*$F$3/$D$3,"No ritmo",IF(N(C9)>=0.7*B9*$F$3/$D$3,"Atenção","Abaixo do ritmo")))) -> Abaixo do ritmo
A10: Custo por cotação (teto) | B10: =IF(ISNUMBER('Base de Dados'!$F$11),'Base de Dados'!$F$11,"") -> 174.4186 | C10: =IF(AND(COUNT('Meta Diária'!G6:G36)>0,COUNT('Meta Diária'!K6:K36)>0),IF(SUM('Meta Diária'!K6:K36)>0,SUM('Meta Diária'!G6:G36)/SUM('Meta Diária'!K6:K36),""),"") | F10: =IF(NOT(ISNUMBER(B10)),"—",IF(NOT(ISNUMBER(C10)),"Aguardando",IF(C10<=B10,"Dentro do teto",IF(C10<=B10*1.2,"Atenção","Acima do teto")))) -> Aguardando
A11: Lead em negociação | B11: =IF(ISNUMBER('Base de Dados'!$E$12),'Base de Dados'!$E$12,"") -> 104 | C11: =IF(COUNT('Meta Diária'!M6:M36)=0,"",SUM('Meta Diária'!M6:M36)) | D11: =IF(AND(ISNUMBER(B11),B11>0,ISNUMBER(C11)),C11/B11,"") | E11: =IF(ISNUMBER(B11),MAX(B11-N(C11),0),"") -> 104 | F11: =IF(NOT(ISNUMBER(B11)),"—",IF($F$3=0,"Aguardando",IF(N(C11)>=B11*$F$3/$D$3,"No ritmo",IF(N(C11)>=0.7*B11*$F$3/$D$3,"Atenção","Abaixo do ritmo")))) -> Abaixo do ritmo
A12: Custo por negociação (teto) | B12: =IF(ISNUMBER('Base de Dados'!$F$12),'Base de Dados'!$F$12,"") -> 288.46154 | C12: =IF(AND(COUNT('Meta Diária'!G6:G36)>0,COUNT('Meta Diária'!M6:M36)>0),IF(SUM('Meta Diária'!M6:M36)>0,SUM('Meta Diária'!G6:G36)/SUM('Meta Diária'!M6:M36),""),"") | F12: =IF(NOT(ISNUMBER(B12)),"—",IF(NOT(ISNUMBER(C12)),"Aguardando",IF(C12<=B12,"Dentro do teto",IF(C12<=B12*1.2,"Atenção","Acima do teto")))) -> Aguardando
A13: Venda | B13: =IF(ISNUMBER('Base de Dados'!$E$13),'Base de Dados'!$E$13,"") -> 32 | C13: =IF(COUNT('Meta Diária'!O6:O36)=0,"",SUM('Meta Diária'!O6:O36)) | D13: =IF(AND(ISNUMBER(B13),B13>0,ISNUMBER(C13)),C13/B13,"") | E13: =IF(ISNUMBER(B13),MAX(B13-N(C13),0),"") -> 32 | F13: =IF(NOT(ISNUMBER(B13)),"—",IF($F$3=0,"Aguardando",IF(N(C13)>=B13*$F$3/$D$3,"No ritmo",IF(N(C13)>=0.7*B13*$F$3/$D$3,"Atenção","Abaixo do ritmo")))) -> Abaixo do ritmo
A14: Custo por venda (teto) | B14: =IF(ISNUMBER('Base de Dados'!$F$13),'Base de Dados'!$F$13,"") -> 937.5 | C14: =IF(AND(COUNT('Meta Diária'!G6:G36)>0,COUNT('Meta Diária'!O6:O36)>0),IF(SUM('Meta Diária'!O6:O36)>0,SUM('Meta Diária'!G6:G36)/SUM('Meta Diária'!O6:O36),""),"") | F14: =IF(NOT(ISNUMBER(B14)),"—",IF(NOT(ISNUMBER(C14)),"Aguardando",IF(C14<=B14,"Dentro do teto",IF(C14<=B14*1.2,"Atenção","Acima do teto")))) -> Aguardando
A16: Meta do mês vem da aba Base de Dados. Custo por unidade (teto) = custo previsto; o realizado é investimento ÷ quantidade lançada. "No ritmo" compara o realizado com a meta proporcional aos dias úteis já encerrados.

Sheet Meta Semanal
A1: ="Meta semanal · "&'Base de Dados'!$B$3 -> Meta semanal · [Nome do cliente]
A2: Semanas de segunda a sexta. A meta de cada semana sobe quando a semana anterior ficou abaixo. O realizado vem da aba Meta Diária.
M4: Teto → | N4: =IF(ISNUMBER('Base de Dados'!$F$10),'Base de Dados'!$F$10,"") -> 35 | O4: =IF(ISNUMBER('Base de Dados'!$F$11),'Base de Dados'!$F$11,"") -> 174.4186 | P4: =IF(ISNUMBER('Base de Dados'!$F$12),'Base de Dados'!$F$12,"") -> 288.46154 | Q4: =IF(ISNUMBER('Base de Dados'!$F$13),'Base de Dados'!$F$13,"") -> 937.5
A5: Semana | B5: Período | C5: Dias úteis | D5: Investimento Meta da semana | E5: Investimento Realizado | F5: Lead Meta da semana | G5: Lead Realizado | H5: Lead em cotação Meta da semana | I5: Lead em cotação Realizado | J5: Lead em negociação Meta da semana | K5: Lead em negociação Realizado | L5: Venda Meta da semana | M5: Venda Realizado | N5: Custo por lead (real) | O5: Custo por cotação (real) | P5: Custo por negociação (real) | Q5: Custo por venda (real)
A6: 1 | B6: =IF(COUNTIF(Cálculo!$B$6:$B$36,$A6)>0,TEXT(_xlfn.MINIFS(Cálculo!$A$6:$A$36,Cálculo!$B$6:$B$36,$A6,Cálculo!$C$6:$C$36,1),"dd/mm")&" a "&TEXT(_xlfn.MAXIFS(Cálculo!$A$6:$A$36,Cálculo!$B$6:$B$36,$A6,Cálculo!$C$6:$C$36,1),"dd/mm"),"") -> 01/10 a 02/10 | C6: =IF(COUNTIF(Cálculo!$B$6:$B$36,$A6)>0,COUNTIFS(Cálculo!$B$6:$B$36,$A6,Cálculo!$C$6:$C$36,1),"") -> 2 | D6: =IF(AND(COUNTIF(Cálculo!$B$6:$B$36,$A6)>0,ISNUMBER('Base de Dados'!$B$5)),INDEX(Cálculo!$M$6:$M$36,MATCH($A6,Cálculo!$B$6:$B$36,0)),"") -> 2857.1429 | E6: =IF(COUNTIF(Cálculo!$B$6:$B$36,$A6)>0,IF(COUNTIFS('Meta Diária'!$C$6:$C$36,$A6,'Meta Diária'!$G$6:$G$36,"<>")=0,"",SUMIFS('Meta Diária'!$G$6:$G$36,'Meta Diária'!$C$6:$C$36,$A6)),"") | F6: =IF(AND(COUNTIF(Cálculo!$B$6:$B$36,$A6)>0,ISNUMBER('Base de Dados'!$E$10)),INDEX(Cálculo!$AE$6:$AE$36,MATCH($A6,Cálculo!$B$6:$B$36,0)),"") -> 82 | G6: =IF(COUNTIF(Cálculo!$B$6:$B$36,$A6)>0,IF(COUNTIFS('Meta Diária'!$C$6:$C$36,$A6,'Meta Diária'!$I$6:$I$36,"<>")=0,"",SUMIFS('Meta Diária'!$I$6:$I$36,'Meta Diária'!$C$6:$C$36,$A6)),"") | H6: =IF(AND(COUNTIF(Cálculo!$B$6:$B$36,$A6)>0,ISNUMBER('Base de Dados'!$E$11)),INDEX(Cálculo!$AX$6:$AX$36,MATCH($A6,Cálculo!$B$6:$B$36,0)),"") -> 16 | I6: =IF(COUNTIF(Cálculo!$B$6:$B$36,$A6)>0,IF(COUNTIFS('Meta Diária'!$C$6:$C$36,$A6,'Meta Diária'!$K$6:$K$36,"<>")=0,"",SUMIFS('Meta Diária'!$K$6:$K$36,'Meta Diária'!$C$6:$C$36,$A6)),"") | J6: =IF(AND(COUNTIF(Cálculo!$B$6:$B$36,$A6)>0,ISNUMBER('Base de Dados'!$E$12)),INDEX(Cálculo!$BQ$6:$BQ$36,MATCH($A6,Cálculo!$B$6:$B$36,0)),"") -> 10 | K6: =IF(COUNTIF(Cálculo!$B$6:$B$36,$A6)>0,IF(COUNTIFS('Meta Diária'!$C$6:$C$36,$A6,'Meta Diária'!$M$6:$M$36,"<>")=0,"",SUMIFS('Meta Diária'!$M$6:$M$36,'Meta Diária'!$C$6:$C$36,$A6)),"") | L6: =IF(AND(COUNTIF(Cálculo!$B$6:$B$36,$A6)>0,ISNUMBER('Base de Dados'!$E$13)),INDEX(Cálculo!$CJ$6:$CJ$36,MATCH($A6,Cálculo!$B$6:$B$36,0)),"") -> 4 | M6: =IF(COUNTIF(Cálculo!$B$6:$B$36,$A6)>0,IF(COUNTIFS('Meta Diária'!$C$6:$C$36,$A6,'Meta Diária'!$O$6:$O$36,"<>")=0,"",SUMIFS('Meta Diária'!$O$6:$O$36,'Meta Diária'!$C$6:$C$36,$A6)),"") | N6: =IF(AND(ISNUMBER(E6),ISNUMBER(G6)),IF(G6>0,E6/G6,""),"") | O6: =IF(AND(ISNUMBER(E6),ISNUMBER(I6)),IF(I6>0,E6/I6,""),"") | P6: =IF(AND(ISNUMBER(E6),ISNUMBER(K6)),IF(K6>0,E6/K6,""),"") | Q6: =IF(AND(ISNUMBER(E6),ISNUMBER(M6)),IF(M6>0,E6/M6,""),"")
A7: 2 | B7: =IF(COUNTIF(Cálculo!$B$6:$B$36,$A7)>0,TEXT(_xlfn.MINIFS(Cálculo!$A$6:$A$36,Cálculo!$B$6:$B$36,$A7,Cálculo!$C$6:$C$36,1),"dd/mm")&" a "&TEXT(_xlfn.MAXIFS(Cálculo!$A$6:$A$36,Cálculo!$B$6:$B$36,$A7,Cálculo!$C$6:$C$36,1),"dd/mm"),"") -> 05/10 a 09/10 | C7: =IF(COUNTIF(Cálculo!$B$6:$B$36,$A7)>0,COUNTIFS(Cálculo!$B$6:$B$36,$A7,Cálculo!$C$6:$C$36,1),"") -> 5 | D7: =IF(AND(COUNTIF(Cálculo!$B$6:$B$36,$A7)>0,ISNUMBER('Base de Dados'!$B$5)),INDEX(Cálculo!$M$6:$M$36,MATCH($A7,Cálculo!$B$6:$B$36,0)),"") -> 7894.7368 | E7: =IF(COUNTIF(Cálculo!$B$6:$B$36,$A7)>0,IF(COUNTIFS('Meta Diária'!$C$6:$C$36,$A7,'Meta Diária'!$G$6:$G$36,"<>")=0,"",SUMIFS('Meta Diária'!$G$6:$G$36,'Meta Diária'!$C$6:$C$36,$A7)),"") | F7: =IF(AND(COUNTIF(Cálculo!$B$6:$B$36,$A7)>0,ISNUMBER('Base de Dados'!$E$10)),INDEX(Cálculo!$AE$6:$AE$36,MATCH($A7,Cálculo!$B$6:$B$36,0)),"") -> 228 | G7: =IF(COUNTIF(Cálculo!$B$6:$B$36,$A7)>0,IF(COUNTIFS('Meta Diária'!$C$6:$C$36,$A7,'Meta Diária'!$I$6:$I$36,"<>")=0,"",SUMIFS('Meta Diária'!$I$6:$I$36,'Meta Diária'!$C$6:$C$36,$A7)),"") | H7: =IF(AND(COUNTIF(Cálculo!$B$6:$B$36,$A7)>0,ISNUMBER('Base de Dados'!$E$11)),INDEX(Cálculo!$AX$6:$AX$36,MATCH($A7,Cálculo!$B$6:$B$36,0)),"") -> 46 | I7: =IF(COUNTIF(Cálculo!$B$6:$B$36,$A7)>0,IF(COUNTIFS('Meta Diária'!$C$6:$C$36,$A7,'Meta Diária'!$K$6:$K$36,"<>")=0,"",SUMIFS('Meta Diária'!$K$6:$K$36,'Meta Diária'!$C$6:$C$36,$A7)),"") | J7: =IF(AND(COUNTIF(Cálculo!$B$6:$B$36,$A7)>0,ISNUMBER('Base de Dados'!$E$12)),INDEX(Cálculo!$BQ$6:$BQ$36,MATCH($A7,Cálculo!$B$6:$B$36,0)),"") -> 30 | K7: =IF(COUNTIF(Cálculo!$B$6:$B$36,$A7)>0,IF(COUNTIFS('Meta Diária'!$C$6:$C$36,$A7,'Meta Diária'!$M$6:$M$36,"<>")=0,"",SUMIFS('Meta Diária'!$M$6:$M$36,'Meta Diária'!$C$6:$C$36,$A7)),"") | L7: =IF(AND(COUNTIF(Cálculo!$B$6:$B$36,$A7)>0,ISNUMBER('Base de Dados'!$E$13)),INDEX(Cálculo!$CJ$6:$CJ$36,MATCH($A7,Cálculo!$B$6:$B$36,0)),"") -> 10 | M7: =IF(COUNTIF(Cálculo!$B$6:$B$36,$A7)>0,IF(COUNTIFS('Meta Diária'!$C$6:$C$36,$A7,'Meta Diária'!$O$6:$O$36,"<>")=0,"",SUMIFS('Meta Diária'!$O$6:$O$36,'Meta Diária'!$C$6:$C$36,$A7)),"") | N7: =IF(AND(ISNUMBER(E7),ISNUMBER(G7)),IF(G7>0,E7/G7,""),"") | O7: =IF(AND(ISNUMBER(E7),ISNUMBER(I7)),IF(I7>0,E7/I7,""),"") | P7: =IF(AND(ISNUMBER(E7),ISNUMBER(K7)),IF(K7>0,E7/K7,""),"") | Q7: =IF(AND(ISNUMBER(E7),ISNUMBER(M7)),IF(M7>0,E7/M7,""),"")
A8: 3 | B8: =IF(COUNTIF(Cálculo!$B$6:$B$36,$A8)>0,TEXT(_xlfn.MINIFS(Cálculo!$A$6:$A$36,Cálculo!$B$6:$B$36,$A8,Cálculo!$C$6:$C$36,1),"dd/mm")&" a "&TEXT(_xlfn.MAXIFS(Cálculo!$A$6:$A$36,Cálculo!$B$6:$B$36,$A8,Cálculo!$C$6:$C$36,1),"dd/mm"),"") -> 13/10 a 16/10 | C8: =IF(COUNTIF(Cálculo!$B$6:$B$36,$A8)>0,COUNTIFS(Cálculo!$B$6:$B$36,$A8,Cálculo!$C$6:$C$36,1),"") -> 4 | D8: =IF(AND(COUNTIF(Cálculo!$B$6:$B$36,$A8)>0,ISNUMBER('Base de Dados'!$B$5)),INDEX(Cálculo!$M$6:$M$36,MATCH($A8,Cálculo!$B$6:$B$36,0)),"") -> 8571.4286 | E8: =IF(COUNTIF(Cálculo!$B$6:$B$36,$A8)>0,IF(COUNTIFS('Meta Diária'!$C$6:$C$36,$A8,'Meta Diária'!$G$6:$G$36,"<>")=0,"",SUMIFS('Meta Diária'!$G$6:$G$36,'Meta Diária'!$C$6:$C$36,$A8)),"") | F8: =IF(AND(COUNTIF(Cálculo!$B$6:$B$36,$A8)>0,ISNUMBER('Base de Dados'!$E$10)),INDEX(Cálculo!$AE$6:$AE$36,MATCH($A8,Cálculo!$B$6:$B$36,0)),"") -> 248 | G8: =IF(COUNTIF(Cálculo!$B$6:$B$36,$A8)>0,IF(COUNTIFS('Meta Diária'!$C$6:$C$36,$A8,'Meta Diária'!$I$6:$I$36,"<>")=0,"",SUMIFS('Meta Diária'!$I$6:$I$36,'Meta Diária'!$C$6:$C$36,$A8)),"") | H8: =IF(AND(COUNTIF(Cálculo!$B$6:$B$36,$A8)>0,ISNUMBER('Base de Dados'!$E$11)),INDEX(Cálculo!$AX$6:$AX$36,MATCH($A8,Cálculo!$B$6:$B$36,0)),"") -> 52 | I8: =IF(COUNTIF(Cálculo!$B$6:$B$36,$A8)>0,IF(COUNTIFS('Meta Diária'!$C$6:$C$36,$A8,'Meta Diária'!$K$6:$K$36,"<>")=0,"",SUMIFS('Meta Diária'!$K$6:$K$36,'Meta Diária'!$C$6:$C$36,$A8)),"") | J8: =IF(AND(COUNTIF(Cálculo!$B$6:$B$36,$A8)>0,ISNUMBER('Base de Dados'!$E$12)),INDEX(Cálculo!$BQ$6:$BQ$36,MATCH($A8,Cálculo!$B$6:$B$36,0)),"") -> 32 | K8: =IF(COUNTIF(Cálculo!$B$6:$B$36,$A8)>0,IF(COUNTIFS('Meta Diária'!$C$6:$C$36,$A8,'Meta Diária'!$M$6:$M$36,"<>")=0,"",SUMIFS('Meta Diária'!$M$6:$M$36,'Meta Diária'!$C$6:$C$36,$A8)),"") | L8: =IF(AND(COUNTIF(Cálculo!$B$6:$B$36,$A8)>0,ISNUMBER('Base de Dados'!$E$13)),INDEX(Cálculo!$CJ$6:$CJ$36,MATCH($A8,Cálculo!$B$6:$B$36,0)),"") -> 12 | M8: =IF(COUNTIF(Cálculo!$B$6:$B$36,$A8)>0,IF(COUNTIFS('Meta Diária'!$C$6:$C$36,$A8,'Meta Diária'!$O$6:$O$36,"<>")=0,"",SUMIFS('Meta Diária'!$O$6:$O$36,'Meta Diária'!$C$6:$C$36,$A8)),"") | N8: =IF(AND(ISNUMBER(E8),ISNUMBER(G8)),IF(G8>0,E8/G8,""),"") | O8: =IF(AND(ISNUMBER(E8),ISNUMBER(I8)),IF(I8>0,E8/I8,""),"") | P8: =IF(AND(ISNUMBER(E8),ISNUMBER(K8)),IF(K8>0,E8/K8,""),"") | Q8: =IF(AND(ISNUMBER(E8),ISNUMBER(M8)),IF(M8>0,E8/M8,""),"")
A9: 4 | B9: =IF(COUNTIF(Cálculo!$B$6:$B$36,$A9)>0,TEXT(_xlfn.MINIFS(Cálculo!$A$6:$A$36,Cálculo!$B$6:$B$36,$A9,Cálculo!$C$6:$C$36,1),"dd/mm")&" a "&TEXT(_xlfn.MAXIFS(Cálculo!$A$6:$A$36,Cálculo!$B$6:$B$36,$A9,Cálculo!$C$6:$C$36,1),"dd/mm"),"") -> 19/10 a 23/10 | C9: =IF(COUNTIF(Cálculo!$B$6:$B$36,$A9)>0,COUNTIFS(Cálculo!$B$6:$B$36,$A9,Cálculo!$C$6:$C$36,1),"") -> 5 | D9: =IF(AND(COUNTIF(Cálculo!$B$6:$B$36,$A9)>0,ISNUMBER('Base de Dados'!$B$5)),INDEX(Cálculo!$M$6:$M$36,MATCH($A9,Cálculo!$B$6:$B$36,0)),"") -> 10714.286 | E9: =IF(COUNTIF(Cálculo!$B$6:$B$36,$A9)>0,IF(COUNTIFS('Meta Diária'!$C$6:$C$36,$A9,'Meta Diária'!$G$6:$G$36,"<>")=0,"",SUMIFS('Meta Diária'!$G$6:$G$36,'Meta Diária'!$C$6:$C$36,$A9)),"") | F9: =IF(AND(COUNTIF(Cálculo!$B$6:$B$36,$A9)>0,ISNUMBER('Base de Dados'!$E$10)),INDEX(Cálculo!$AE$6:$AE$36,MATCH($A9,Cálculo!$B$6:$B$36,0)),"") -> 305 | G9: =IF(COUNTIF(Cálculo!$B$6:$B$36,$A9)>0,IF(COUNTIFS('Meta Diária'!$C$6:$C$36,$A9,'Meta Diária'!$I$6:$I$36,"<>")=0,"",SUMIFS('Meta Diária'!$I$6:$I$36,'Meta Diária'!$C$6:$C$36,$A9)),"") | H9: =IF(AND(COUNTIF(Cálculo!$B$6:$B$36,$A9)>0,ISNUMBER('Base de Dados'!$E$11)),INDEX(Cálculo!$AX$6:$AX$36,MATCH($A9,Cálculo!$B$6:$B$36,0)),"") -> 60 | I9: =IF(COUNTIF(Cálculo!$B$6:$B$36,$A9)>0,IF(COUNTIFS('Meta Diária'!$C$6:$C$36,$A9,'Meta Diária'!$K$6:$K$36,"<>")=0,"",SUMIFS('Meta Diária'!$K$6:$K$36,'Meta Diária'!$C$6:$C$36,$A9)),"") | J9: =IF(AND(COUNTIF(Cálculo!$B$6:$B$36,$A9)>0,ISNUMBER('Base de Dados'!$E$12)),INDEX(Cálculo!$BQ$6:$BQ$36,MATCH($A9,Cálculo!$B$6:$B$36,0)),"") -> 37 | K9: =IF(COUNTIF(Cálculo!$B$6:$B$36,$A9)>0,IF(COUNTIFS('Meta Diária'!$C$6:$C$36,$A9,'Meta Diária'!$M$6:$M$36,"<>")=0,"",SUMIFS('Meta Diária'!$M$6:$M$36,'Meta Diária'!$C$6:$C$36,$A9)),"") | L9: =IF(AND(COUNTIF(Cálculo!$B$6:$B$36,$A9)>0,ISNUMBER('Base de Dados'!$E$13)),INDEX(Cálculo!$CJ$6:$CJ$36,MATCH($A9,Cálculo!$B$6:$B$36,0)),"") -> 10 | M9: =IF(COUNTIF(Cálculo!$B$6:$B$36,$A9)>0,IF(COUNTIFS('Meta Diária'!$C$6:$C$36,$A9,'Meta Diária'!$O$6:$O$36,"<>")=0,"",SUMIFS('Meta Diária'!$O$6:$O$36,'Meta Diária'!$C$6:$C$36,$A9)),"") | N9: =IF(AND(ISNUMBER(E9),ISNUMBER(G9)),IF(G9>0,E9/G9,""),"") | O9: =IF(AND(ISNUMBER(E9),ISNUMBER(I9)),IF(I9>0,E9/I9,""),"") | P9: =IF(AND(ISNUMBER(E9),ISNUMBER(K9)),IF(K9>0,E9/K9,""),"") | Q9: =IF(AND(ISNUMBER(E9),ISNUMBER(M9)),IF(M9>0,E9/M9,""),"")
A10: 5 | B10: =IF(COUNTIF(Cálculo!$B$6:$B$36,$A10)>0,TEXT(_xlfn.MINIFS(Cálculo!$A$6:$A$36,Cálculo!$B$6:$B$36,$A10,Cálculo!$C$6:$C$36,1),"dd/mm")&" a "&TEXT(_xlfn.MAXIFS(Cálculo!$A$6:$A$36,Cálculo!$B$6:$B$36,$A10,Cálculo!$C$6:$C$36,1),"dd/mm"),"") -> 26/10 a 30/10 | C10: =IF(COUNTIF(Cálculo!$B$6:$B$36,$A10)>0,COUNTIFS(Cálculo!$B$6:$B$36,$A10,Cálculo!$C$6:$C$36,1),"") -> 5 | D10: =IF(AND(COUNTIF(Cálculo!$B$6:$B$36,$A10)>0,ISNUMBER('Base de Dados'!$B$5)),INDEX(Cálculo!$M$6:$M$36,MATCH($A10,Cálculo!$B$6:$B$36,0)),"") -> 10714.286 | E10: =IF(COUNTIF(Cálculo!$B$6:$B$36,$A10)>0,IF(COUNTIFS('Meta Diária'!$C$6:$C$36,$A10,'Meta Diária'!$G$6:$G$36,"<>")=0,"",SUMIFS('Meta Diária'!$G$6:$G$36,'Meta Diária'!$C$6:$C$36,$A10)),"") | F10: =IF(AND(COUNTIF(Cálculo!$B$6:$B$36,$A10)>0,ISNUMBER('Base de Dados'!$E$10)),INDEX(Cálculo!$AE$6:$AE$36,MATCH($A10,Cálculo!$B$6:$B$36,0)),"") -> 305 | G10: =IF(COUNTIF(Cálculo!$B$6:$B$36,$A10)>0,IF(COUNTIFS('Meta Diária'!$C$6:$C$36,$A10,'Meta Diária'!$I$6:$I$36,"<>")=0,"",SUMIFS('Meta Diária'!$I$6:$I$36,'Meta Diária'!$C$6:$C$36,$A10)),"") | H10: =IF(AND(COUNTIF(Cálculo!$B$6:$B$36,$A10)>0,ISNUMBER('Base de Dados'!$E$11)),INDEX(Cálculo!$AX$6:$AX$36,MATCH($A10,Cálculo!$B$6:$B$36,0)),"") -> 60 | I10: =IF(COUNTIF(Cálculo!$B$6:$B$36,$A10)>0,IF(COUNTIFS('Meta Diária'!$C$6:$C$36,$A10,'Meta Diária'!$K$6:$K$36,"<>")=0,"",SUMIFS('Meta Diária'!$K$6:$K$36,'Meta Diária'!$C$6:$C$36,$A10)),"") | J10: =IF(AND(COUNTIF(Cálculo!$B$6:$B$36,$A10)>0,ISNUMBER('Base de Dados'!$E$12)),INDEX(Cálculo!$BQ$6:$BQ$36,MATCH($A10,Cálculo!$B$6:$B$36,0)),"") -> 35 | K10: =IF(COUNTIF(Cálculo!$B$6:$B$36,$A10)>0,IF(COUNTIFS('Meta Diária'!$C$6:$C$36,$A10,'Meta Diária'!$M$6:$M$36,"<>")=0,"",SUMIFS('Meta Diária'!$M$6:$M$36,'Meta Diária'!$C$6:$C$36,$A10)),"") | L10: =IF(AND(COUNTIF(Cálculo!$B$6:$B$36,$A10)>0,ISNUMBER('Base de Dados'!$E$13)),INDEX(Cálculo!$CJ$6:$CJ$36,MATCH($A10,Cálculo!$B$6:$B$36,0)),"") -> 10 | M10: =IF(COUNTIF(Cálculo!$B$6:$B$36,$A10)>0,IF(COUNTIFS('Meta Diária'!$C$6:$C$36,$A10,'Meta Diária'!$O$6:$O$36,"<>")=0,"",SUMIFS('Meta Diária'!$O$6:$O$36,'Meta Diária'!$C$6:$C$36,$A10)),"") | N10: =IF(AND(ISNUMBER(E10),ISNUMBER(G10)),IF(G10>0,E10/G10,""),"") | O10: =IF(AND(ISNUMBER(E10),ISNUMBER(I10)),IF(I10>0,E10/I10,""),"") | P10: =IF(AND(ISNUMBER(E10),ISNUMBER(K10)),IF(K10>0,E10/K10,""),"") | Q10: =IF(AND(ISNUMBER(E10),ISNUMBER(M10)),IF(M10>0,E10/M10,""),"")
A11: 6 | B11: =IF(COUNTIF(Cálculo!$B$6:$B$36,$A11)>0,TEXT(_xlfn.MINIFS(Cálculo!$A$6:$A$36,Cálculo!$B$6:$B$36,$A11,Cálculo!$C$6:$C$36,1),"dd/mm")&" a "&TEXT(_xlfn.MAXIFS(Cálculo!$A$6:$A$36,Cálculo!$B$6:$B$36,$A11,Cálculo!$C$6:$C$36,1),"dd/mm"),"") | C11: =IF(COUNTIF(Cálculo!$B$6:$B$36,$A11)>0,COUNTIFS(Cálculo!$B$6:$B$36,$A11,Cálculo!$C$6:$C$36,1),"") | D11: =IF(AND(COUNTIF(Cálculo!$B$6:$B$36,$A11)>0,ISNUMBER('Base de Dados'!$B$5)),INDEX(Cálculo!$M$6:$M$36,MATCH($A11,Cálculo!$B$6:$B$36,0)),"") | E11: =IF(COUNTIF(Cálculo!$B$6:$B$36,$A11)>0,IF(COUNTIFS('Meta Diária'!$C$6:$C$36,$A11,'Meta Diária'!$G$6:$G$36,"<>")=0,"",SUMIFS('Meta Diária'!$G$6:$G$36,'Meta Diária'!$C$6:$C$36,$A11)),"") | F11: =IF(AND(COUNTIF(Cálculo!$B$6:$B$36,$A11)>0,ISNUMBER('Base de Dados'!$E$10)),INDEX(Cálculo!$AE$6:$AE$36,MATCH($A11,Cálculo!$B$6:$B$36,0)),"") | G11: =IF(COUNTIF(Cálculo!$B$6:$B$36,$A11)>0,IF(COUNTIFS('Meta Diária'!$C$6:$C$36,$A11,'Meta Diária'!$I$6:$I$36,"<>")=0,"",SUMIFS('Meta Diária'!$I$6:$I$36,'Meta Diária'!$C$6:$C$36,$A11)),"") | H11: =IF(AND(COUNTIF(Cálculo!$B$6:$B$36,$A11)>0,ISNUMBER('Base de Dados'!$E$11)),INDEX(Cálculo!$AX$6:$AX$36,MATCH($A11,Cálculo!$B$6:$B$36,0)),"") | I11: =IF(COUNTIF(Cálculo!$B$6:$B$36,$A11)>0,IF(COUNTIFS('Meta Diária'!$C$6:$C$36,$A11,'Meta Diária'!$K$6:$K$36,"<>")=0,"",SUMIFS('Meta Diária'!$K$6:$K$36,'Meta Diária'!$C$6:$C$36,$A11)),"") | J11: =IF(AND(COUNTIF(Cálculo!$B$6:$B$36,$A11)>0,ISNUMBER('Base de Dados'!$E$12)),INDEX(Cálculo!$BQ$6:$BQ$36,MATCH($A11,Cálculo!$B$6:$B$36,0)),"") | K11: =IF(COUNTIF(Cálculo!$B$6:$B$36,$A11)>0,IF(COUNTIFS('Meta Diária'!$C$6:$C$36,$A11,'Meta Diária'!$M$6:$M$36,"<>")=0,"",SUMIFS('Meta Diária'!$M$6:$M$36,'Meta Diária'!$C$6:$C$36,$A11)),"") | L11: =IF(AND(COUNTIF(Cálculo!$B$6:$B$36,$A11)>0,ISNUMBER('Base de Dados'!$E$13)),INDEX(Cálculo!$CJ$6:$CJ$36,MATCH($A11,Cálculo!$B$6:$B$36,0)),"") | M11: =IF(COUNTIF(Cálculo!$B$6:$B$36,$A11)>0,IF(COUNTIFS('Meta Diária'!$C$6:$C$36,$A11,'Meta Diária'!$O$6:$O$36,"<>")=0,"",SUMIFS('Meta Diária'!$O$6:$O$36,'Meta Diária'!$C$6:$C$36,$A11)),"") | N11: =IF(AND(ISNUMBER(E11),ISNUMBER(G11)),IF(G11>0,E11/G11,""),"") | O11: =IF(AND(ISNUMBER(E11),ISNUMBER(I11)),IF(I11>0,E11/I11,""),"") | P11: =IF(AND(ISNUMBER(E11),ISNUMBER(K11)),IF(K11>0,E11/K11,""),"") | Q11: =IF(AND(ISNUMBER(E11),ISNUMBER(M11)),IF(M11>0,E11/M11,""),"")
A12: Mês | B12: =TEXT('Base de Dados'!$B$4,"mm/yyyy") -> 10/2026 | C12: =Cálculo!B2 -> 21 | D12: =IF(ISNUMBER('Base de Dados'!$B$5),'Base de Dados'!$B$5,"") -> 30000 | E12: =IF(COUNT(E6:E11)=0,"",SUM(E6:E11)) | F12: =IF(ISNUMBER('Base de Dados'!$E$10),'Base de Dados'!$E$10,"") -> 858 | G12: =IF(COUNT(G6:G11)=0,"",SUM(G6:G11)) | H12: =IF(ISNUMBER('Base de Dados'!$E$11),'Base de Dados'!$E$11,"") -> 172 | I12: =IF(COUNT(I6:I11)=0,"",SUM(I6:I11)) | J12: =IF(ISNUMBER('Base de Dados'!$E$12),'Base de Dados'!$E$12,"") -> 104 | K12: =IF(COUNT(K6:K11)=0,"",SUM(K6:K11)) | L12: =IF(ISNUMBER('Base de Dados'!$E$13),'Base de Dados'!$E$13,"") -> 32 | M12: =IF(COUNT(M6:M11)=0,"",SUM(M6:M11)) | N12: =IF(AND(ISNUMBER(E12),ISNUMBER(G12)),IF(G12>0,E12/G12,""),"") | O12: =IF(AND(ISNUMBER(E12),ISNUMBER(I12)),IF(I12>0,E12/I12,""),"") | P12: =IF(AND(ISNUMBER(E12),ISNUMBER(K12)),IF(K12>0,E12/K12,""),"") | Q12: =IF(AND(ISNUMBER(E12),ISNUMBER(M12)),IF(M12>0,E12/M12,""),"")

Sheet Meta Diária
A1: ="Meta diária (dias úteis) · "&'Base de Dados'!$B$3 -> Meta diária (dias úteis) · [Nome do cliente]
A2: Digite só o REALIZADO de cada dia (células amarelas). A meta de cada dia se ajusta sozinha: ficou abaixo, a meta seguinte sobe.
A3: Verde = bateu a meta do dia · Amarelo = entre 70% e 100% · Vermelho = abaixo de 70% · Custos: verde = dentro do teto, amarelo = até 20% acima, vermelho = acima.
O4: Teto → | P4: =IF(ISNUMBER('Base de Dados'!$F$10),'Base de Dados'!$F$10,"") -> 35 | Q4: =IF(ISNUMBER('Base de Dados'!$F$11),'Base de Dados'!$F$11,"") -> 174.4186 | R4: =IF(ISNUMBER('Base de Dados'!$F$12),'Base de Dados'!$F$12,"") -> 288.46154 | S4: =IF(ISNUMBER('Base de Dados'!$F$13),'Base de Dados'!$F$13,"") -> 937.5
A5: Data | B5: Dia | C5: Semana | D5: Foco do dia | E5: Dia útil? | F5: Investimento Meta do dia | G5: Investimento Realizado | H5: Lead Meta do dia | I5: Lead Realizado | J5: Lead em cotação Meta do dia | K5: Lead em cotação Realizado | L5: Lead em negociação Meta do dia | M5: Lead em negociação Realizado | N5: Venda Meta do dia | O5: Venda Realizado | P5: Custo por lead (real) | Q5: Custo por cotação (real) | R5: Custo por negociação (real) | S5: Custo por venda (real)
A6: =IF(Cálculo!A6="","",Cálculo!A6) -> 46296 | B6: =IF(A6="","",CHOOSE(WEEKDAY(A6,2),"Seg","Ter","Qua","Qui","Sex","Sáb","Dom")) -> Qui | C6: =IF(A6="","",Cálculo!B6) -> 1 | D6: =IF(A6="","",IF(Cálculo!C6=1,CHOOSE(WEEKDAY(A6,2),"Meta da Semana","Foco no Atendimento","Revisão da Semana","Foco no Atendimento","Relatório da Semana"),IF(COUNTIF(Folgas!$A$5:$A$300,A6)>0,"Feriado / folga","Fim de semana"))) -> Foco no Atendimento | E6: =IF(A6="","",IF(Cálculo!C6=1,"Sim","Não")) -> Sim | F6: =IF(OR($E6<>"Sim",NOT(ISNUMBER('Base de Dados'!$B$5))),"",Cálculo!O6) -> 1428.5714 | H6: =IF(OR($E6<>"Sim",NOT(ISNUMBER('Base de Dados'!$E$10))),"",Cálculo!AH6) -> 41 | J6: =IF(OR($E6<>"Sim",NOT(ISNUMBER('Base de Dados'!$E$11))),"",Cálculo!BA6) -> 8 | L6: =IF(OR($E6<>"Sim",NOT(ISNUMBER('Base de Dados'!$E$12))),"",Cálculo!BT6) -> 5 | N6: =IF(OR($E6<>"Sim",NOT(ISNUMBER('Base de Dados'!$E$13))),"",Cálculo!CM6) -> 2 | P6: =IF(AND(ISNUMBER(G6),ISNUMBER(I6)),IF(I6>0,G6/I6,""),"") | Q6: =IF(AND(ISNUMBER(G6),ISNUMBER(K6)),IF(K6>0,G6/K6,""),"") | R6: =IF(AND(ISNUMBER(G6),ISNUMBER(M6)),IF(M6>0,G6/M6,""),"") | S6: =IF(AND(ISNUMBER(G6),ISNUMBER(O6)),IF(O6>0,G6/O6,""),"")
A7: =IF(Cálculo!A7="","",Cálculo!A7) -> 46297 | B7: =IF(A7="","",CHOOSE(WEEKDAY(A7,2),"Seg","Ter","Qua","Qui","Sex","Sáb","Dom")) -> Sex | C7: =IF(A7="","",Cálculo!B7) -> 1 | D7: =IF(A7="","",IF(Cálculo!C7=1,CHOOSE(WEEKDAY(A7,2),"Meta da Semana","Foco no Atendimento","Revisão da Semana","Foco no Atendimento","Relatório da Semana"),IF(COUNTIF(Folgas!$A$5:$A$300,A7)>0,"Feriado / folga","Fim de semana"))) -> Relatório da Semana | E7: =IF(A7="","",IF(Cálculo!C7=1,"Sim","Não")) -> Sim | F7: =IF(OR($E7<>"Sim",NOT(ISNUMBER('Base de Dados'!$B$5))),"",Cálculo!O7) -> 2857.1429 | H7: =IF(OR($E7<>"Sim",NOT(ISNUMBER('Base de Dados'!$E$10))),"",Cálculo!AH7) -> 82 | J7: =IF(OR($E7<>"Sim",NOT(ISNUMBER('Base de Dados'!$E$11))),"",Cálculo!BA7) -> 16 | L7: =IF(OR($E7<>"Sim",NOT(ISNUMBER('Base de Dados'!$E$12))),"",Cálculo!BT7) -> 10 | N7: =IF(OR($E7<>"Sim",NOT(ISNUMBER('Base de Dados'!$E$13))),"",Cálculo!CM7) -> 4 | P7: =IF(AND(ISNUMBER(G7),ISNUMBER(I7)),IF(I7>0,G7/I7,""),"") | Q7: =IF(AND(ISNUMBER(G7),ISNUMBER(K7)),IF(K7>0,G7/K7,""),"") | R7: =IF(AND(ISNUMBER(G7),ISNUMBER(M7)),IF(M7>0,G7/M7,""),"") | S7: =IF(AND(ISNUMBER(G7),ISNUMBER(O7)),IF(O7>0,G7/O7,""),"")
A8: =IF(Cálculo!A8="","",Cálculo!A8) -> 46298 | B8: =IF(A8="","",CHOOSE(WEEKDAY(A8,2),"Seg","Ter","Qua","Qui","Sex","Sáb","Dom")) -> Sáb | C8: =IF(A8="","",Cálculo!B8) -> 1 | D8: =IF(A8="","",IF(Cálculo!C8=1,CHOOSE(WEEKDAY(A8,2),"Meta da Semana","Foco no Atendimento","Revisão da Semana","Foco no Atendimento","Relatório da Semana"),IF(COUNTIF(Folgas!$A$5:$A$300,A8)>0,"Feriado / folga","Fim de semana"))) -> Fim de semana | E8: =IF(A8="","",IF(Cálculo!C8=1,"Sim","Não")) -> Não | F8: =IF(OR($E8<>"Sim",NOT(ISNUMBER('Base de Dados'!$B$5))),"",Cálculo!O8) | H8: =IF(OR($E8<>"Sim",NOT(ISNUMBER('Base de Dados'!$E$10))),"",Cálculo!AH8) | J8: =IF(OR($E8<>"Sim",NOT(ISNUMBER('Base de Dados'!$E$11))),"",Cálculo!BA8) | L8: =IF(OR($E8<>"Sim",NOT(ISNUMBER('Base de Dados'!$E$12))),"",Cálculo!BT8) | N8: =IF(OR($E8<>"Sim",NOT(ISNUMBER('Base de Dados'!$E$13))),"",Cálculo!CM8) | P8: =IF(AND(ISNUMBER(G8),ISNUMBER(I8)),IF(I8>0,G8/I8,""),"") | Q8: =IF(AND(ISNUMBER(G8),ISNUMBER(K8)),IF(K8>0,G8/K8,""),"") | R8: =IF(AND(ISNUMBER(G8),ISNUMBER(M8)),IF(M8>0,G8/M8,""),"") | S8: =IF(AND(ISNUMBER(G8),ISNUMBER(O8)),IF(O8>0,G8/O8,""),"")
A9: =IF(Cálculo!A9="","",Cálculo!A9) -> 46299 | B9: =IF(A9="","",CHOOSE(WEEKDAY(A9,2),"Seg","Ter","Qua","Qui","Sex","Sáb","Dom")) -> Dom | C9: =IF(A9="","",Cálculo!B9) -> 1 | D9: =IF(A9="","",IF(Cálculo!C9=1,CHOOSE(WEEKDAY(A9,2),"Meta da Semana","Foco no Atendimento","Revisão da Semana","Foco no Atendimento","Relatório da Semana"),IF(COUNTIF(Folgas!$A$5:$A$300,A9)>0,"Feriado / folga","Fim de semana"))) -> Fim de semana | E9: =IF(A9="","",IF(Cálculo!C9=1,"Sim","Não")) -> Não | F9: =IF(OR($E9<>"Sim",NOT(ISNUMBER('Base de Dados'!$B$5))),"",Cálculo!O9) | H9: =IF(OR($E9<>"Sim",NOT(ISNUMBER('Base de Dados'!$E$10))),"",Cálculo!AH9) | J9: =IF(OR($E9<>"Sim",NOT(ISNUMBER('Base de Dados'!$E$11))),"",Cálculo!BA9) | L9: =IF(OR($E9<>"Sim",NOT(ISNUMBER('Base de Dados'!$E$12))),"",Cálculo!BT9) | N9: =IF(OR($E9<>"Sim",NOT(ISNUMBER('Base de Dados'!$E$13))),"",Cálculo!CM9) | P9: =IF(AND(ISNUMBER(G9),ISNUMBER(I9)),IF(I9>0,G9/I9,""),"") | Q9: =IF(AND(ISNUMBER(G9),ISNUMBER(K9)),IF(K9>0,G9/K9,""),"") | R9: =IF(AND(ISNUMBER(G9),ISNUMBER(M9)),IF(M9>0,G9/M9,""),"") | S9: =IF(AND(ISNUMBER(G9),ISNUMBER(O9)),IF(O9>0,G9/O9,""),"")
A10: =IF(Cálculo!A10="","",Cálculo!A10) -> 46300 | B10: =IF(A10="","",CHOOSE(WEEKDAY(A10,2),"Seg","Ter","Qua","Qui","Sex","Sáb","Dom")) -> Seg | C10: =IF(A10="","",Cálculo!B10) -> 2 | D10: =IF(A10="","",IF(Cálculo!C10=1,CHOOSE(WEEKDAY(A10,2),"Meta da Semana","Foco no Atendimento","Revisão da Semana","Foco no Atendimento","Relatório da Semana"),IF(COUNTIF(Folgas!$A$5:$A$300,A10)>0,"Feriado / folga","Fim de semana"))) -> Meta da Semana | E10: =IF(A10="","",IF(Cálculo!C10=1,"Sim","Não")) -> Sim | F10: =IF(OR($E10<>"Sim",NOT(ISNUMBER('Base de Dados'!$B$5))),"",Cálculo!O10) -> 1578.9474 | H10: =IF(OR($E10<>"Sim",NOT(ISNUMBER('Base de Dados'!$E$10))),"",Cálculo!AH10) -> 46 | J10: =IF(OR($E10<>"Sim",NOT(ISNUMBER('Base de Dados'!$E$11))),"",Cálculo!BA10) -> 9 | L10: =IF(OR($E10<>"Sim",NOT(ISNUMBER('Base de Dados'!$E$12))),"",Cálculo!BT10) -> 6 | N10: =IF(OR($E10<>"Sim",NOT(ISNUMBER('Base de Dados'!$E$13))),"",Cálculo!CM10) -> 2 | P10: =IF(AND(ISNUMBER(G10),ISNUMBER(I10)),IF(I10>0,G10/I10,""),"") | Q10: =IF(AND(ISNUMBER(G10),ISNUMBER(K10)),IF(K10>0,G10/K10,""),"") | R10: =IF(AND(ISNUMBER(G10),ISNUMBER(M10)),IF(M10>0,G10/M10,""),"") | S10: =IF(AND(ISNUMBER(G10),ISNUMBER(O10)),IF(O10>0,G10/O10,""),"")
A11: =IF(Cálculo!A11="","",Cálculo!A11) -> 46301 | B11: =IF(A11="","",CHOOSE(WEEKDAY(A11,2),"Seg","Ter","Qua","Qui","Sex","Sáb","Dom")) -> Ter | C11: =IF(A11="","",Cálculo!B11) -> 2 | D11: =IF(A11="","",IF(Cálculo!C11=1,CHOOSE(WEEKDAY(A11,2),"Meta da Semana","Foco no Atendimento","Revisão da Semana","Foco no Atendimento","Relatório da Semana"),IF(COUNTIF(Folgas!$A$5:$A$300,A11)>0,"Feriado / folga","Fim de semana"))) -> Foco no Atendimento | E11: =IF(A11="","",IF(Cálculo!C11=1,"Sim","Não")) -> Sim | F11: =IF(OR($E11<>"Sim",NOT(ISNUMBER('Base de Dados'!$B$5))),"",Cálculo!O11) -> 1973.6842 | H11: =IF(OR($E11<>"Sim",NOT(ISNUMBER('Base de Dados'!$E$10))),"",Cálculo!AH11) -> 57 | J11: =IF(OR($E11<>"Sim",NOT(ISNUMBER('Base de Dados'!$E$11))),"",Cálculo!BA11) -> 12 | L11: =IF(OR($E11<>"Sim",NOT(ISNUMBER('Base de Dados'!$E$12))),"",Cálculo!BT11) -> 8 | N11: =IF(OR($E11<>"Sim",NOT(ISNUMBER('Base de Dados'!$E$13))),"",Cálculo!CM11) -> 3 | P11: =IF(AND(ISNUMBER(G11),ISNUMBER(I11)),IF(I11>0,G11/I11,""),"") | Q11: =IF(AND(ISNUMBER(G11),ISNUMBER(K11)),IF(K11>0,G11/K11,""),"") | R11: =IF(AND(ISNUMBER(G11),ISNUMBER(M11)),IF(M11>0,G11/M11,""),"") | S11: =IF(AND(ISNUMBER(G11),ISNUMBER(O11)),IF(O11>0,G11/O11,""),"")
A12: =IF(Cálculo!A12="","",Cálculo!A12) -> 46302 | B12: =IF(A12="","",CHOOSE(WEEKDAY(A12,2),"Seg","Ter","Qua","Qui","Sex","Sáb","Dom")) -> Qua | C12: =IF(A12="","",Cálculo!B12) -> 2 | D12: =IF(A12="","",IF(Cálculo!C12=1,CHOOSE(WEEKDAY(A12,2),"Meta da Semana","Foco no Atendimento","Revisão da Semana","Foco no Atendimento","Relatório da Semana"),IF(COUNTIF(Folgas!$A$5:$A$300,A12)>0,"Feriado / folga","Fim de semana"))) -> Revisão da Semana | E12: =IF(A12="","",IF(Cálculo!C12=1,"Sim","Não")) -> Sim | F12: =IF(OR($E12<>"Sim",NOT(ISNUMBER('Base de Dados'!$B$5))),"",Cálculo!O12) -> 2631.5789 | H12: =IF(OR($E12<>"Sim",NOT(ISNUMBER('Base de Dados'!$E$10))),"",Cálculo!AH12) -> 76 | J12: =IF(OR($E12<>"Sim",NOT(ISNUMBER('Base de Dados'!$E$11))),"",Cálculo!BA12) -> 16 | L12: =IF(OR($E12<>"Sim",NOT(ISNUMBER('Base de Dados'!$E$12))),"",Cálculo!BT12) -> 10 | N12: =IF(OR($E12<>"Sim",NOT(ISNUMBER('Base de Dados'!$E$13))),"",Cálculo!CM12) -> 4 | P12: =IF(AND(ISNUMBER(G12),ISNUMBER(I12)),IF(I12>0,G12/I12,""),"") | Q12: =IF(AND(ISNUMBER(G12),ISNUMBER(K12)),IF(K12>0,G12/K12,""),"") | R12: =IF(AND(ISNUMBER(G12),ISNUMBER(M12)),IF(M12>0,G12/M12,""),"") | S12: =IF(AND(ISNUMBER(G12),ISNUMBER(O12)),IF(O12>0,G12/O12,""),"")
A13: =IF(Cálculo!A13="","",Cálculo!A13) -> 46303 | B13: =IF(A13="","",CHOOSE(WEEKDAY(A13,2),"Seg","Ter","Qua","Qui","Sex","Sáb","Dom")) -> Qui | C13: =IF(A13="","",Cálculo!B13) -> 2 | D13: =IF(A13="","",IF(Cálculo!C13=1,CHOOSE(WEEKDAY(A13,2),"Meta da Semana","Foco no Atendimento","Revisão da Semana","Foco no Atendimento","Relatório da Semana"),IF(COUNTIF(Folgas!$A$5:$A$300,A13)>0,"Feriado / folga","Fim de semana"))) -> Foco no Atendimento | E13: =IF(A13="","",IF(Cálculo!C13=1,"Sim","Não")) -> Sim | F13: =IF(OR($E13<>"Sim",NOT(ISNUMBER('Base de Dados'!$B$5))),"",Cálculo!O13) -> 3947.3684 | H13: =IF(OR($E13<>"Sim",NOT(ISNUMBER('Base de Dados'!$E$10))),"",Cálculo!AH13) -> 114 | J13: =IF(OR($E13<>"Sim",NOT(ISNUMBER('Base de Dados'!$E$11))),"",Cálculo!BA13) -> 23 | L13: =IF(OR($E13<>"Sim",NOT(ISNUMBER('Base de Dados'!$E$12))),"",Cálculo!BT13) -> 15 | N13: =IF(OR($E13<>"Sim",NOT(ISNUMBER('Base de Dados'!$E$13))),"",Cálculo!CM13) -> 5 | P13: =IF(AND(ISNUMBER(G13),ISNUMBER(I13)),IF(I13>0,G13/I13,""),"") | Q13: =IF(AND(ISNUMBER(G13),ISNUMBER(K13)),IF(K13>0,G13/K13,""),"") | R13: =IF(AND(ISNUMBER(G13),ISNUMBER(M13)),IF(M13>0,G13/M13,""),"") | S13: =IF(AND(ISNUMBER(G13),ISNUMBER(O13)),IF(O13>0,G13/O13,""),"")
A14: =IF(Cálculo!A14="","",Cálculo!A14) -> 46304 | B14: =IF(A14="","",CHOOSE(WEEKDAY(A14,2),"Seg","Ter","Qua","Qui","Sex","Sáb","Dom")) -> Sex | C14: =IF(A14="","",Cálculo!B14) -> 2 | D14: =IF(A14="","",IF(Cálculo!C14=1,CHOOSE(WEEKDAY(A14,2),"Meta da Semana","Foco no Atendimento","Revisão da Semana","Foco no Atendimento","Relatório da Semana"),IF(COUNTIF(Folgas!$A$5:$A$300,A14)>0,"Feriado / folga","Fim de semana"))) -> Relatório da Semana | E14: =IF(A14="","",IF(Cálculo!C14=1,"Sim","Não")) -> Sim | F14: =IF(OR($E14<>"Sim",NOT(ISNUMBER('Base de Dados'!$B$5))),"",Cálculo!O14) -> 7894.7368 | H14: =IF(OR($E14<>"Sim",NOT(ISNUMBER('Base de Dados'!$E$10))),"",Cálculo!AH14) -> 228 | J14: =IF(OR($E14<>"Sim",NOT(ISNUMBER('Base de Dados'!$E$11))),"",Cálculo!BA14) -> 46 | L14: =IF(OR($E14<>"Sim",NOT(ISNUMBER('Base de Dados'!$E$12))),"",Cálculo!BT14) -> 30 | N14: =IF(OR($E14<>"Sim",NOT(ISNUMBER('Base de Dados'!$E$13))),"",Cálculo!CM14) -> 10 | P14: =IF(AND(ISNUMBER(G14),ISNUMBER(I14)),IF(I14>0,G14/I14,""),"") | Q14: =IF(AND(ISNUMBER(G14),ISNUMBER(K14)),IF(K14>0,G14/K14,""),"") | R14: =IF(AND(ISNUMBER(G14),ISNUMBER(M14)),IF(M14>0,G14/M14,""),"") | S14: =IF(AND(ISNUMBER(G14),ISNUMBER(O14)),IF(O14>0,G14/O14,""),"")
A15: =IF(Cálculo!A15="","",Cálculo!A15) -> 46305 | B15: =IF(A15="","",CHOOSE(WEEKDAY(A15,2),"Seg","Ter","Qua","Qui","Sex","Sáb","Dom")) -> Sáb | C15: =IF(A15="","",Cálculo!B15) -> 2 | D15: =IF(A15="","",IF(Cálculo!C15=1,CHOOSE(WEEKDAY(A15,2),"Meta da Semana","Foco no Atendimento","Revisão da Semana","Foco no Atendimento","Relatório da Semana"),IF(COUNTIF(Folgas!$A$5:$A$300,A15)>0,"Feriado / folga","Fim de semana"))) -> Fim de semana | E15: =IF(A15="","",IF(Cálculo!C15=1,"Sim","Não")) -> Não | F15: =IF(OR($E15<>"Sim",NOT(ISNUMBER('Base de Dados'!$B$5))),"",Cálculo!O15) | H15: =IF(OR($E15<>"Sim",NOT(ISNUMBER('Base de Dados'!$E$10))),"",Cálculo!AH15) | J15: =IF(OR($E15<>"Sim",NOT(ISNUMBER('Base de Dados'!$E$11))),"",Cálculo!BA15) | L15: =IF(OR($E15<>"Sim",NOT(ISNUMBER('Base de Dados'!$E$12))),"",Cálculo!BT15) | N15: =IF(OR($E15<>"Sim",NOT(ISNUMBER('Base de Dados'!$E$13))),"",Cálculo!CM15) | P15: =IF(AND(ISNUMBER(G15),ISNUMBER(I15)),IF(I15>0,G15/I15,""),"") | Q15: =IF(AND(ISNUMBER(G15),ISNUMBER(K15)),IF(K15>0,G15/K15,""),"") | R15: =IF(AND(ISNUMBER(G15),ISNUMBER(M15)),IF(M15>0,G15/M15,""),"") | S15: =IF(AND(ISNUMBER(G15),ISNUMBER(O15)),IF(O15>0,G15/O15,""),"")
A16: =IF(Cálculo!A16="","",Cálculo!A16) -> 46306 | B16: =IF(A16="","",CHOOSE(WEEKDAY(A16,2),"Seg","Ter","Qua","Qui","Sex","Sáb","Dom")) -> Dom | C16: =IF(A16="","",Cálculo!B16) -> 2 | D16: =IF(A16="","",IF(Cálculo!C16=1,CHOOSE(WEEKDAY(A16,2),"Meta da Semana","Foco no Atendimento","Revisão da Semana","Foco no Atendimento","Relatório da Semana"),IF(COUNTIF(Folgas!$A$5:$A$300,A16)>0,"Feriado / folga","Fim de semana"))) -> Fim de semana | E16: =IF(A16="","",IF(Cálculo!C16=1,"Sim","Não")) -> Não | F16: =IF(OR($E16<>"Sim",NOT(ISNUMBER('Base de Dados'!$B$5))),"",Cálculo!O16) | H16: =IF(OR($E16<>"Sim",NOT(ISNUMBER('Base de Dados'!$E$10))),"",Cálculo!AH16) | J16: =IF(OR($E16<>"Sim",NOT(ISNUMBER('Base de Dados'!$E$11))),"",Cálculo!BA16) | L16: =IF(OR($E16<>"Sim",NOT(ISNUMBER('Base de Dados'!$E$12))),"",Cálculo!BT16) | N16: =IF(OR($E16<>"Sim",NOT(ISNUMBER('Base de Dados'!$E$13))),"",Cálculo!CM16) | P16: =IF(AND(ISNUMBER(G16),ISNUMBER(I16)),IF(I16>0,G16/I16,""),"") | Q16: =IF(AND(ISNUMBER(G16),ISNUMBER(K16)),IF(K16>0,G16/K16,""),"") | R16: =IF(AND(ISNUMBER(G16),ISNUMBER(M16)),IF(M16>0,G16/M16,""),"") | S16: =IF(AND(ISNUMBER(G16),ISNUMBER(O16)),IF(O16>0,G16/O16,""),"")
A17: =IF(Cálculo!A17="","",Cálculo!A17) -> 46307 | B17: =IF(A17="","",CHOOSE(WEEKDAY(A17,2),"Seg","Ter","Qua","Qui","Sex","Sáb","Dom")) -> Seg | C17: =IF(A17="","",Cálculo!B17) -> 3 | D17: =IF(A17="","",IF(Cálculo!C17=1,CHOOSE(WEEKDAY(A17,2),"Meta da Semana","Foco no Atendimento","Revisão da Semana","Foco no Atendimento","Relatório da Semana"),IF(COUNTIF(Folgas!$A$5:$A$300,A17)>0,"Feriado / folga","Fim de semana"))) -> Feriado / folga | E17: =IF(A17="","",IF(Cálculo!C17=1,"Sim","Não")) -> Não | F17: =IF(OR($E17<>"Sim",NOT(ISNUMBER('Base de Dados'!$B$5))),"",Cálculo!O17) | H17: =IF(OR($E17<>"Sim",NOT(ISNUMBER('Base de Dados'!$E$10))),"",Cálculo!AH17) | J17: =IF(OR($E17<>"Sim",NOT(ISNUMBER('Base de Dados'!$E$11))),"",Cálculo!BA17) | L17: =IF(OR($E17<>"Sim",NOT(ISNUMBER('Base de Dados'!$E$12))),"",Cálculo!BT17) | N17: =IF(OR($E17<>"Sim",NOT(ISNUMBER('Base de Dados'!$E$13))),"",Cálculo!CM17) | P17: =IF(AND(ISNUMBER(G17),ISNUMBER(I17)),IF(I17>0,G17/I17,""),"") | Q17: =IF(AND(ISNUMBER(G17),ISNUMBER(K17)),IF(K17>0,G17/K17,""),"") | R17: =IF(AND(ISNUMBER(G17),ISNUMBER(M17)),IF(M17>0,G17/M17,""),"") | S17: =IF(AND(ISNUMBER(G17),ISNUMBER(O17)),IF(O17>0,G17/O17,""),"")
... A36: =IF(Cálculo!A36="","",Cálculo!A36) -> 46326 | B36: =IF(A36="","",CHOOSE(WEEKDAY(A36,2),"Seg","Ter","Qua","Qui","Sex","Sáb","Dom")) -> Sáb | C36: =IF(A36="","",Cálculo!B36) -> 5 | D36: =IF(A36="","",IF(Cálculo!C36=1,CHOOSE(WEEKDAY(A36,2),"Meta da Semana","Foco no Atendimento","Revisão da Semana","Foco no Atendimento","Relatório da Semana"),IF(COUNTIF(Folgas!$A$5:$A$300,A36)>0,"Feriado / folga","Fim de semana"))) -> Fim de semana | E36: =IF(A36="","",IF(Cálculo!C36=1,"Sim","Não")) -> Não | F36: =IF(OR($E36<>"Sim",NOT(ISNUMBER('Base de Dados'!$B$5))),"",Cálculo!O36) | H36: =IF(OR($E36<>"Sim",NOT(ISNUMBER('Base de Dados'!$E$10))),"",Cálculo!AH36) | J36: =IF(OR($E36<>"Sim",NOT(ISNUMBER('Base de Dados'!$E$11))),"",Cálculo!BA36) | L36: =IF(OR($E36<>"Sim",NOT(ISNUMBER('Base de Dados'!$E$12))),"",Cálculo!BT36) | N36: =IF(OR($E36<>"Sim",NOT(ISNUMBER('Base de Dados'!$E$13))),"",Cálculo!CM36) | P36: =IF(AND(ISNUMBER(G36),ISNUMBER(I36)),IF(I36>0,G36/I36,""),"") | Q36: =IF(AND(ISNUMBER(G36),ISNUMBER(K36)),IF(K36>0,G36/K36,""),"") | R36: =IF(AND(ISNUMBER(G36),ISNUMBER(M36)),IF(M36>0,G36/M36,""),"") | S36: =IF(AND(ISNUMBER(G36),ISNUMBER(O36)),IF(O36>0,G36/O36,""),"")
A37: Total do mês | G37: =IF(COUNT(G6:G36)=0,"",SUM(G6:G36)) | I37: =IF(COUNT(I6:I36)=0,"",SUM(I6:I36)) | K37: =IF(COUNT(K6:K36)=0,"",SUM(K6:K36)) | M37: =IF(COUNT(M6:M36)=0,"",SUM(M6:M36)) | O37: =IF(COUNT(O6:O36)=0,"",SUM(O6:O36)) | P37: =IF(AND(ISNUMBER(G37),ISNUMBER(I37)),IF(I37>0,G37/I37,""),"") | Q37: =IF(AND(ISNUMBER(G37),ISNUMBER(K37)),IF(K37>0,G37/K37,""),"") | R37: =IF(AND(ISNUMBER(G37),ISNUMBER(M37)),IF(M37>0,G37/M37,""),"") | S37: =IF(AND(ISNUMBER(G37),ISNUMBER(O37)),IF(O37>0,G37/O37,""),"")

Sheet Cálculo
A1: Cálculo — motor das metas (não precisa mexer)
A2: Dias úteis do mês (N) | B2: =SUM(C6:C36) -> 21 | D2: Primeiro dia do mês | E2: =DATE(YEAR('Base de Dados'!$B$4),MONTH('Base de Dados'!$B$4),1) -> 46296 | J2: Total do mês — Investimento | P2: Total do mês — Lead | AI2: Total do mês — Lead em cotação | BB2: Total do mês — Lead em negociação | BU2: Total do mês — Venda
A3: Dias úteis já encerrados | B3: =COUNTIFS(C6:C36,1,A6:A36,"<"&'Base de Dados'!$B$6) -> 7 | D3: Segunda-feira da 1ª semana | E3: =E2-WEEKDAY(E2,2)+1 -> 46293 | J3: =N('Base de Dados'!$B$5) -> 30000 | P3: =N('Base de Dados'!$E$10) -> 858 | AI3: =N('Base de Dados'!$E$11) -> 172 | BB3: =N('Base de Dados'!$E$12) -> 104 | BU3: =N('Base de Dados'!$E$13) -> 32
A5: Data | B5: Semana | C5: Útil (1/0) | D5: Nº do dia útil na semana | E5: Dias úteis na semana | F5: Dias úteis do mês a partir da semana | G5: Início de semana | H5: Semana do calendário (seg-dom) | J5: Investimento: projetado do dia | K5: Projetado até o dia anterior | L5: Meta-base da semana | M5: Meta da semana | N5: Meta-base do dia | O5: Meta do dia | P5: Lead: projetado do dia | Q5: Projetado até o dia anterior | R5: Semana atrasada? (1/0) | S5: Metas-base das semanas anteriores | T5: Parte 1 da semana | U5: Parte 2 da semana | V5: Parte 3 da semana | W5: Parte 4 da semana | X5: Parte 5 da semana | Y5: Parte-base 1 da semana | Z5: Parte-base 2 da semana | AA5: Parte-base 3 da semana | AB5: Parte-base 4 da semana | AC5: Parte-base 5 da semana | AD5: Meta-base da semana | AE5: Meta da semana | AF5: Restante base (dias) | AG5: Meta-base do dia | AH5: Meta do dia | AI5: Lead em cotação: projetado do dia | AJ5: Projetado até o dia anterior | AK5: Semana atrasada? (1/0) | AL5: Metas-base das semanas anteriores | AM5: Parte 1 da semana | AN5: Parte 2 da semana | AO5: Parte 3 da semana | AP5: Parte 4 da semana | AQ5: Parte 5 da semana | AR5: Parte-base 1 da semana | AS5: Parte-base 2 da semana | AT5: Parte-base 3 da semana | AU5: Parte-base 4 da semana | AV5: Parte-base 5 da semana | AW5: Meta-base da semana | AX5: Meta da semana | AY5: Restante base (dias) | AZ5: Meta-base do dia | BA5: Meta do dia | BB5: Lead em negociação: projetado do dia | BC5: Projetado até o dia anterior | BD5: Semana atrasada? (1/0) | BE5: Metas-base das semanas anteriores | BF5: Parte 1 da semana | BG5: Parte 2 da semana | BH5: Parte 3 da semana | BI5: Parte 4 da semana | BJ5: Parte 5 da semana | BK5: Parte-base 1 da semana | BL5: Parte-base 2 da semana | BM5: Parte-base 3 da semana | BN5: Parte-base 4 da semana | BO5: Parte-base 5 da semana | BP5: Meta-base da semana | BQ5: Meta da semana | BR5: Restante base (dias) | BS5: Meta-base do dia | BT5: Meta do dia | BU5: Venda: projetado do dia | BV5: Projetado até o dia anterior | BW5: Semana atrasada? (1/0) | BX5: Metas-base das semanas anteriores | BY5: Parte 1 da semana | BZ5: Parte 2 da semana | CA5: Parte 3 da semana | CB5: Parte 4 da semana | CC5: Parte 5 da semana | CD5: Parte-base 1 da semana | CE5: Parte-base 2 da semana | CF5: Parte-base 3 da semana | CG5: Parte-base 4 da semana | CH5: Parte-base 5 da semana | CI5: Meta-base da semana | CJ5: Meta da semana | CK5: Restante base (dias) | CL5: Meta-base do dia | CM5: Meta do dia
A6: =IF($E$2+0<=EOMONTH($E$2,0),$E$2+0,"") -> 46296 | B6: =IF(A6="","",IF(COUNTIFS(H$6:H$36,H6,C$6:C$36,1)=0,"",IF(H6=H5,B5,1+MAX(B$5:B5)))) -> 1 | C6: =IF(A6="",0,IF(AND(WEEKDAY(A6,2)<=5,COUNTIF(Folgas!$A$5:$A$300,A6)=0),1,0)) -> 1 | D6: =IF(C6=1,COUNTIFS(B$6:B6,B6,C$6:C6,1),0) -> 1 | E6: =IF(OR(A6="",B6=""),0,COUNTIFS(B$6:B$36,B6,C$6:C$36,1)) -> 2 | F6: =IF(OR(A6="",B6=""),0,COUNTIFS(B$6:B$36,">="&B6,C$6:C$36,1)) -> 21 | G6: =IF(OR(A6="",B6=""),0,IF(B6=B5,0,1)) -> 1 | H6: =IF(A6="","",INT((A6-$E$3)/7)+1) -> 1 | J6: =IF($A6="",0,IF('Meta Diária'!G6<>"",'Meta Diária'!G6,IF(AND($C6=1,$A6>='Base de Dados'!$B$6),O6,0))) -> 0 | K6: 0 | L6: =IF($A6="","",IF($G6=1,IF($B$2=0,0,$J$3*$E6/$B$2),L5)) -> 2857.1429 | M6: =IF($A6="","",IF($G6=1,IF('Base de Dados'!$B$7="Sim",IF($F6=0,0,MAX($J$3-K6,0)*$E6/$F6),MAX(L6,IF($F6=0,0,MAX($J$3-K6,0)*$E6/$F6))),M5)) -> 2857.1429 | N6: =IF($C6=1,M6/$E6,"") -> 1428.5714 | O6: =IF($C6<>1,"",IF('Base de Dados'!$B$7="Sim",MAX(M6-SUMIFS(J$5:J5,$B$5:$B5,$B6),0)/($E6-$D6+1),MAX(N6,MAX(M6-SUMIFS(J$5:J5,$B$5:$B5,$B6),0)/($E6-$D6+1)))) -> 1428.5714 | P6: =IF($A6="",0,IF('Meta Diária'!I6<>"",'Meta Diária'!I6,IF(AND($C6=1,$A6>='Base de Dados'!$B$6),AH6,0))) -> 0 | Q6: 0 | R6: =IF($G6=1,IF(Q6<S6-0.000000001,1,0),"") -> 0 | S6: =IF($G6=1,SUMIFS(AD$5:AD5,$G$5:$G5,1),"") -> 0 | T6: =IF($G6=1,IF(AND($E6>=1,($F6-0)>0),IF(R6=1,ROUNDUP(ROUND((MAX($P$3-Q6,0)-(0))/($F6-0),6),0),ROUND((MAX($P$3-Q6,0)-(0))/($F6-0),0)),0),"") -> 41 | U6: =IF($G6=1,IF(AND($E6>=2,($F6-1)>0),IF(R6=1,ROUNDUP(ROUND((MAX($P$3-Q6,0)-(T6))/($F6-1),6),0),ROUND((MAX($P$3-Q6,0)-(T6))/($F6-1),0)),0),"") -> 41 | V6: =IF($G6=1,IF(AND($E6>=3,($F6-2)>0),IF(R6=1,ROUNDUP(ROUND((MAX($P$3-Q6,0)-(T6+U6))/($F6-2),6),0),ROUND((MAX($P$3-Q6,0)-(T6+U6))/($F6-2),0)),0),"") -> 0 | W6: =IF($G6=1,IF(AND($E6>=4,($F6-3)>0),IF(R6=1,ROUNDUP(ROUND((MAX($P$3-Q6,0)-(T6+U6+V6))/($F6-3),6),0),ROUND((MAX($P$3-Q6,0)-(T6+U6+V6))/($F6-3),0)),0),"") -> 0 | X6: =IF($G6=1,IF(AND($E6>=5,($F6-4)>0),IF(R6=1,ROUNDUP(ROUND((MAX($P$3-Q6,0)-(T6+U6+V6+W6))/($F6-4),6),0),ROUND((MAX($P$3-Q6,0)-(T6+U6+V6+W6))/($F6-4),0)),0),"") -> 0 | Y6: =IF($G6=1,IF(AND($E6>=1,($F6-0)>0),ROUND((($P$3-S6)-(0))/($F6-0),0),0),"") -> 41 | Z6: =IF($G6=1,IF(AND($E6>=2,($F6-1)>0),ROUND((($P$3-S6)-(Y6))/($F6-1),0),0),"") -> 41 | AA6: =IF($G6=1,IF(AND($E6>=3,($F6-2)>0),ROUND((($P$3-S6)-(Y6+Z6))/($F6-2),0),0),"") -> 0 | AB6: =IF($G6=1,IF(AND($E6>=4,($F6-3)>0),ROUND((($P$3-S6)-(Y6+Z6+AA6))/($F6-3),0),0),"") -> 0 | AC6: =IF($G6=1,IF(AND($E6>=5,($F6-4)>0),ROUND((($P$3-S6)-(Y6+Z6+AA6+AB6))/($F6-4),0),0),"") -> 0 | AD6: =IF($A6="","",IF($G6=1,(Y6+Z6+AA6+AB6+AC6),AD5)) -> 82 | AE6: =IF($A6="","",IF($G6=1,IF('Base de Dados'!$B$7="Sim",(T6+U6+V6+W6+X6),MAX(AD6,(T6+U6+V6+W6+X6))),AE5)) -> 82 | AF6: =IF($A6="","",IF($G6=1,AD6,AF5-N(AG5))) -> 82 | AG6: =IF($C6=1,ROUND(AF6/($E6-$D6+1),0),"") -> 41 | AH6: =IF($C6<>1,"",IF('Base de Dados'!$B$7="Sim",IF(SUMIFS(P$5:P5,$B$5:$B5,$B6)<SUMIFS(AG$5:AG5,$B$5:$B5,$B6)-0.000000001,ROUNDUP(ROUND(MAX(AE6-SUMIFS(P$5:P5,$B$5:$B5,$B6),0)/($E6-$D6+1),6),0),ROUND(MAX(AE6-SUMIFS(P$5:P5,$B$5:$B5,$B6),0)/($E6-$D6+1),0)),MAX(AG6,IF(SUMIFS(P$5:P5,$B$5:$B5,$B6)<SUMIFS(AG$5:AG5,$B$5:$B5,$B6)-0.000000001,ROUNDUP(ROUND(MAX(AE6-SUMIFS(P$5:P5,$B$5:$B5,$B6),0)/($E6-$D6+1),6),0),ROUND(MAX(AE6-SUMIFS(P$5:P5,$B$5:$B5,$B6),0)/($E6-$D6+1),0))))) -> 41 | AI6: =IF($A6="",0,IF('Meta Diária'!K6<>"",'Meta Diária'!K6,IF(AND($C6=1,$A6>='Base de Dados'!$B$6),BA6,0))) -> 0 | AJ6: 0 | AK6: =IF($G6=1,IF(AJ6<AL6-0.000000001,1,0),"") -> 0 | AL6: =IF($G6=1,SUMIFS(AW$5:AW5,$G$5:$G5,1),"") -> 0 | AM6: =IF($G6=1,IF(AND($E6>=1,($F6-0)>0),IF(AK6=1,ROUNDUP(ROUND((MAX($AI$3-AJ6,0)-(0))/($F6-0),6),0),ROUND((MAX($AI$3-AJ6,0)-(0))/($F6-0),0)),0),"") -> 8 | AN6: =IF($G6=1,IF(AND($E6>=2,($F6-1)>0),IF(AK6=1,ROUNDUP(ROUND((MAX($AI$3-AJ6,0)-(AM6))/($F6-1),6),0),ROUND((MAX($AI$3-AJ6,0)-(AM6))/($F6-1),0)),0),"") -> 8 | AO6: =IF($G6=1,IF(AND($E6>=3,($F6-2)>0),IF(AK6=1,ROUNDUP(ROUND((MAX($AI$3-AJ6,0)-(AM6+AN6))/($F6-2),6),0),ROUND((MAX($AI$3-AJ6,0)-(AM6+AN6))/($F6-2),0)),0),"") -> 0 | AP6: =IF($G6=1,IF(AND($E6>=4,($F6-3)>0),IF(AK6=1,ROUNDUP(ROUND((MAX($AI$3-AJ6,0)-(AM6+AN6+AO6))/($F6-3),6),0),ROUND((MAX($AI$3-AJ6,0)-(AM6+AN6+AO6))/($F6-3),0)),0),"") -> 0 | AQ6: =IF($G6=1,IF(AND($E6>=5,($F6-4)>0),IF(AK6=1,ROUNDUP(ROUND((MAX($AI$3-AJ6,0)-(AM6+AN6+AO6+AP6))/($F6-4),6),0),ROUND((MAX($AI$3-AJ6,0)-(AM6+AN6+AO6+AP6))/($F6-4),0)),0),"") -> 0 | AR6: =IF($G6=1,IF(AND($E6>=1,($F6-0)>0),ROUND((($AI$3-AL6)-(0))/($F6-0),0),0),"") -> 8 | AS6: =IF($G6=1,IF(AND($E6>=2,($F6-1)>0),ROUND((($AI$3-AL6)-(AR6))/($F6-1),0),0),"") -> 8 | AT6: =IF($G6=1,IF(AND($E6>=3,($F6-2)>0),ROUND((($AI$3-AL6)-(AR6+AS6))/($F6-2),0),0),"") -> 0 | AU6: =IF($G6=1,IF(AND($E6>=4,($F6-3)>0),ROUND((($AI$3-AL6)-(AR6+AS6+AT6))/($F6-3),0),0),"") -> 0 | AV6: =IF($G6=1,IF(AND($E6>=5,($F6-4)>0),ROUND((($AI$3-AL6)-(AR6+AS6+AT6+AU6))/($F6-4),0),0),"") -> 0 | AW6: =IF($A6="","",IF($G6=1,(AR6+AS6+AT6+AU6+AV6),AW5)) -> 16 | AX6: =IF($A6="","",IF($G6=1,IF('Base de Dados'!$B$7="Sim",(AM6+AN6+AO6+AP6+AQ6),MAX(AW6,(AM6+AN6+AO6+AP6+AQ6))),AX5)) -> 16 | AY6: =IF($A6="","",IF($G6=1,AW6,AY5-N(AZ5))) -> 16 | AZ6: =IF($C6=1,ROUND(AY6/($E6-$D6+1),0),"") -> 8 | BA6: =IF($C6<>1,"",IF('Base de Dados'!$B$7="Sim",IF(SUMIFS(AI$5:AI5,$B$5:$B5,$B6)<SUMIFS(AZ$5:AZ5,$B$5:$B5,$B6)-0.000000001,ROUNDUP(ROUND(MAX(AX6-SUMIFS(AI$5:AI5,$B$5:$B5,$B6),0)/($E6-$D6+1),6),0),ROUND(MAX(AX6-SUMIFS(AI$5:AI5,$B$5:$B5,$B6),0)/($E6-$D6+1),0)),MAX(AZ6,IF(SUMIFS(AI$5:AI5,$B$5:$B5,$B6)<SUMIFS(AZ$5:AZ5,$B$5:$B5,$B6)-0.000000001,ROUNDUP(ROUND(MAX(AX6-SUMIFS(AI$5:AI5,$B$5:$B5,$B6),0)/($E6-$D6+1),6),0),ROUND(MAX(AX6-SUMIFS(AI$5:AI5,$B$5:$B5,$B6),0)/($E6-$D6+1),0))))) -> 8 | BB6: =IF($A6="",0,IF('Meta Diária'!M6<>"",'Meta Diária'!M6,IF(AND($C6=1,$A6>='Base de Dados'!$B$6),BT6,0))) -> 0 | BC6: 0 | BD6: =IF($G6=1,IF(BC6<BE6-0.000000001,1,0),"") -> 0 | BE6: =IF($G6=1,SUMIFS(BP$5:BP5,$G$5:$G5,1),"") -> 0 | BF6: =IF($G6=1,IF(AND($E6>=1,($F6-0)>0),IF(BD6=1,ROUNDUP(ROUND((MAX($BB$3-BC6,0)-(0))/($F6-0),6),0),ROUND((MAX($BB$3-BC6,0)-(0))/($F6-0),0)),0),"") -> 5 | BG6: =IF($G6=1,IF(AND($E6>=2,($F6-1)>0),IF(BD6=1,ROUNDUP(ROUND((MAX($BB$3-BC6,0)-(BF6))/($F6-1),6),0),ROUND((MAX($BB$3-BC6,0)-(BF6))/($F6-1),0)),0),"") -> 5 | BH6: =IF($G6=1,IF(AND($E6>=3,($F6-2)>0),IF(BD6=1,ROUNDUP(ROUND((MAX($BB$3-BC6,0)-(BF6+BG6))/($F6-2),6),0),ROUND((MAX($BB$3-BC6,0)-(BF6+BG6))/($F6-2),0)),0),"") -> 0 | BI6: =IF($G6=1,IF(AND($E6>=4,($F6-3)>0),IF(BD6=1,ROUNDUP(ROUND((MAX($BB$3-BC6,0)-(BF6+BG6+BH6))/($F6-3),6),0),ROUND((MAX($BB$3-BC6,0)-(BF6+BG6+BH6))/($F6-3),0)),0),"") -> 0 | BJ6: =IF($G6=1,IF(AND($E6>=5,($F6-4)>0),IF(BD6=1,ROUNDUP(ROUND((MAX($BB$3-BC6,0)-(BF6+BG6+BH6+BI6))/($F6-4),6),0),ROUND((MAX($BB$3-BC6,0)-(BF6+BG6+BH6+BI6))/($F6-4),0)),0),"") -> 0 | BK6: =IF($G6=1,IF(AND($E6>=1,($F6-0)>0),ROUND((($BB$3-BE6)-(0))/($F6-0),0),0),"") -> 5 | BL6: =IF($G6=1,IF(AND($E6>=2,($F6-1)>0),ROUND((($BB$3-BE6)-(BK6))/($F6-1),0),0),"") -> 5 | BM6: =IF($G6=1,IF(AND($E6>=3,($F6-2)>0),ROUND((($BB$3-BE6)-(BK6+BL6))/($F6-2),0),0),"") -> 0 | BN6: =IF($G6=1,IF(AND($E6>=4,($F6-3)>0),ROUND((($BB$3-BE6)-(BK6+BL6+BM6))/($F6-3),0),0),"") -> 0 | BO6: =IF($G6=1,IF(AND($E6>=5,($F6-4)>0),ROUND((($BB$3-BE6)-(BK6+BL6+BM6+BN6))/($F6-4),0),0),"") -> 0 | BP6: =IF($A6="","",IF($G6=1,(BK6+BL6+BM6+BN6+BO6),BP5)) -> 10 | BQ6: =IF($A6="","",IF($G6=1,IF('Base de Dados'!$B$7="Sim",(BF6+BG6+BH6+BI6+BJ6),MAX(BP6,(BF6+BG6+BH6+BI6+BJ6))),BQ5)) -> 10 | BR6: =IF($A6="","",IF($G6=1,BP6,BR5-N(BS5))) -> 10 | BS6: =IF($C6=1,ROUND(BR6/($E6-$D6+1),0),"") -> 5 | BT6: =IF($C6<>1,"",IF('Base de Dados'!$B$7="Sim",IF(SUMIFS(BB$5:BB5,$B$5:$B5,$B6)<SUMIFS(BS$5:BS5,$B$5:$B5,$B6)-0.000000001,ROUNDUP(ROUND(MAX(BQ6-SUMIFS(BB$5:BB5,$B$5:$B5,$B6),0)/($E6-$D6+1),6),0),ROUND(MAX(BQ6-SUMIFS(BB$5:BB5,$B$5:$B5,$B6),0)/($E6-$D6+1),0)),MAX(BS6,IF(SUMIFS(BB$5:BB5,$B$5:$B5,$B6)<SUMIFS(BS$5:BS5,$B$5:$B5,$B6)-0.000000001,ROUNDUP(ROUND(MAX(BQ6-SUMIFS(BB$5:BB5,$B$5:$B5,$B6),0)/($E6-$D6+1),6),0),ROUND(MAX(BQ6-SUMIFS(BB$5:BB5,$B$5:$B5,$B6),0)/($E6-$D6+1),0))))) -> 5 | BU6: =IF($A6="",0,IF('Meta Diária'!O6<>"",'Meta Diária'!O6,IF(AND($C6=1,$A6>='Base de Dados'!$B$6),CM6,0))) -> 0 | BV6: 0 | BW6: =IF($G6=1,IF(BV6<BX6-0.000000001,1,0),"") -> 0 | BX6: =IF($G6=1,SUMIFS(CI$5:CI5,$G$5:$G5,1),"") -> 0 | BY6: =IF($G6=1,IF(AND($E6>=1,($F6-0)>0),IF(BW6=1,ROUNDUP(ROUND((MAX($BU$3-BV6,0)-(0))/($F6-0),6),0),ROUND((MAX($BU$3-BV6,0)-(0))/($F6-0),0)),0),"") -> 2 | BZ6: =IF($G6=1,IF(AND($E6>=2,($F6-1)>0),IF(BW6=1,ROUNDUP(ROUND((MAX($BU$3-BV6,0)-(BY6))/($F6-1),6),0),ROUND((MAX($BU$3-BV6,0)-(BY6))/($F6-1),0)),0),"") -> 2 | CA6: =IF($G6=1,IF(AND($E6>=3,($F6-2)>0),IF(BW6=1,ROUNDUP(ROUND((MAX($BU$3-BV6,0)-(BY6+BZ6))/($F6-2),6),0),ROUND((MAX($BU$3-BV6,0)-(BY6+BZ6))/($F6-2),0)),0),"") -> 0 | CB6: =IF($G6=1,IF(AND($E6>=4,($F6-3)>0),IF(BW6=1,ROUNDUP(ROUND((MAX($BU$3-BV6,0)-(BY6+BZ6+CA6))/($F6-3),6),0),ROUND((MAX($BU$3-BV6,0)-(BY6+BZ6+CA6))/($F6-3),0)),0),"") -> 0 | CC6: =IF($G6=1,IF(AND($E6>=5,($F6-4)>0),IF(BW6=1,ROUNDUP(ROUND((MAX($BU$3-BV6,0)-(BY6+BZ6+CA6+CB6))/($F6-4),6),0),ROUND((MAX($BU$3-BV6,0)-(BY6+BZ6+CA6+CB6))/($F6-4),0)),0),"") -> 0 | CD6: =IF($G6=1,IF(AND($E6>=1,($F6-0)>0),ROUND((($BU$3-BX6)-(0))/($F6-0),0),0),"") -> 2 | CE6: =IF($G6=1,IF(AND($E6>=2,($F6-1)>0),ROUND((($BU$3-BX6)-(CD6))/($F6-1),0),0),"") -> 2 | CF6: =IF($G6=1,IF(AND($E6>=3,($F6-2)>0),ROUND((($BU$3-BX6)-(CD6+CE6))/($F6-2),0),0),"") -> 0 | CG6: =IF($G6=1,IF(AND($E6>=4,($F6-3)>0),ROUND((($BU$3-BX6)-(CD6+CE6+CF6))/($F6-3),0),0),"") -> 0 | CH6: =IF($G6=1,IF(AND($E6>=5,($F6-4)>0),ROUND((($BU$3-BX6)-(CD6+CE6+CF6+CG6))/($F6-4),0),0),"") -> 0 | CI6: =IF($A6="","",IF($G6=1,(CD6+CE6+CF6+CG6+CH6),CI5)) -> 4 | CJ6: =IF($A6="","",IF($G6=1,IF('Base de Dados'!$B$7="Sim",(BY6+BZ6+CA6+CB6+CC6),MAX(CI6,(BY6+BZ6+CA6+CB6+CC6))),CJ5)) -> 4 | CK6: =IF($A6="","",IF($G6=1,CI6,CK5-N(CL5))) -> 4 | CL6: =IF($C6=1,ROUND(CK6/($E6-$D6+1),0),"") -> 2 | CM6: =IF($C6<>1,"",IF('Base de Dados'!$B$7="Sim",IF(SUMIFS(BU$5:BU5,$B$5:$B5,$B6)<SUMIFS(CL$5:CL5,$B$5:$B5,$B6)-0.000000001,ROUNDUP(ROUND(MAX(CJ6-SUMIFS(BU$5:BU5,$B$5:$B5,$B6),0)/($E6-$D6+1),6),0),ROUND(MAX(CJ6-SUMIFS(BU$5:BU5,$B$5:$B5,$B6),0)/($E6-$D6+1),0)),MAX(CL6,IF(SUMIFS(BU$5:BU5,$B$5:$B5,$B6)<SUMIFS(CL$5:CL5,$B$5:$B5,$B6)-0.000000001,ROUNDUP(ROUND(MAX(CJ6-SUMIFS(BU$5:BU5,$B$5:$B5,$B6),0)/($E6-$D6+1),6),0),ROUND(MAX(CJ6-SUMIFS(BU$5:BU5,$B$5:$B5,$B6),0)/($E6-$D6+1),0))))) -> 2
A7: =IF($E$2+1<=EOMONTH($E$2,0),$E$2+1,"") -> 46297 | B7: =IF(A7="","",IF(COUNTIFS(H$6:H$36,H7,C$6:C$36,1)=0,"",IF(H7=H6,B6,1+MAX(B$5:B6)))) -> 1 | C7: =IF(A7="",0,IF(AND(WEEKDAY(A7,2)<=5,COUNTIF(Folgas!$A$5:$A$300,A7)=0),1,0)) -> 1 | D7: =IF(C7=1,COUNTIFS(B$6:B7,B7,C$6:C7,1),0) -> 2 | E7: =IF(OR(A7="",B7=""),0,COUNTIFS(B$6:B$36,B7,C$6:C$36,1)) -> 2 | F7: =IF(OR(A7="",B7=""),0,COUNTIFS(B$6:B$36,">="&B7,C$6:C$36,1)) -> 21 | G7: =IF(OR(A7="",B7=""),0,IF(B7=B6,0,1)) -> 0 | H7: =IF(A7="","",INT((A7-$E$3)/7)+1) -> 1 | J7: =IF($A7="",0,IF('Meta Diária'!G7<>"",'Meta Diária'!G7,IF(AND($C7=1,$A7>='Base de Dados'!$B$6),O7,0))) -> 0 | K7: =K6+J6 -> 0 | L7: =IF($A7="","",IF($G7=1,IF($B$2=0,0,$J$3*$E7/$B$2),L6)) -> 2857.1429 | M7: =IF($A7="","",IF($G7=1,IF('Base de Dados'!$B$7="Sim",IF($F7=0,0,MAX($J$3-K7,0)*$E7/$F7),MAX(L7,IF($F7=0,0,MAX($J$3-K7,0)*$E7/$F7))),M6)) -> 2857.1429 | N7: =IF($C7=1,M7/$E7,"") -> 1428.5714 | O7: =IF($C7<>1,"",IF('Base de Dados'!$B$7="Sim",MAX(M7-SUMIFS(J$5:J6,$B$5:$B6,$B7),0)/($E7-$D7+1),MAX(N7,MAX(M7-SUMIFS(J$5:J6,$B$5:$B6,$B7),0)/($E7-$D7+1)))) -> 2857.1429 | P7: =IF($A7="",0,IF('Meta Diária'!I7<>"",'Meta Diária'!I7,IF(AND($C7=1,$A7>='Base de Dados'!$B$6),AH7,0))) -> 0 | Q7: =Q6+P6 -> 0 | R7: =IF($G7=1,IF(Q7<S7-0.000000001,1,0),"") | S7: =IF($G7=1,SUMIFS(AD$5:AD6,$G$5:$G6,1),"") | T7: =IF($G7=1,IF(AND($E7>=1,($F7-0)>0),IF(R7=1,ROUNDUP(ROUND((MAX($P$3-Q7,0)-(0))/($F7-0),6),0),ROUND((MAX($P$3-Q7,0)-(0))/($F7-0),0)),0),"") | U7: =IF($G7=1,IF(AND($E7>=2,($F7-1)>0),IF(R7=1,ROUNDUP(ROUND((MAX($P$3-Q7,0)-(T7))/($F7-1),6),0),ROUND((MAX($P$3-Q7,0)-(T7))/($F7-1),0)),0),"") | V7: =IF($G7=1,IF(AND($E7>=3,($F7-2)>0),IF(R7=1,ROUNDUP(ROUND((MAX($P$3-Q7,0)-(T7+U7))/($F7-2),6),0),ROUND((MAX($P$3-Q7,0)-(T7+U7))/($F7-2),0)),0),"") | W7: =IF($G7=1,IF(AND($E7>=4,($F7-3)>0),IF(R7=1,ROUNDUP(ROUND((MAX($P$3-Q7,0)-(T7+U7+V7))/($F7-3),6),0),ROUND((MAX($P$3-Q7,0)-(T7+U7+V7))/($F7-3),0)),0),"") | X7: =IF($G7=1,IF(AND($E7>=5,($F7-4)>0),IF(R7=1,ROUNDUP(ROUND((MAX($P$3-Q7,0)-(T7+U7+V7+W7))/($F7-4),6),0),ROUND((MAX($P$3-Q7,0)-(T7+U7+V7+W7))/($F7-4),0)),0),"") | Y7: =IF($G7=1,IF(AND($E7>=1,($F7-0)>0),ROUND((($P$3-S7)-(0))/($F7-0),0),0),"") | Z7: =IF($G7=1,IF(AND($E7>=2,($F7-1)>0),ROUND((($P$3-S7)-(Y7))/($F7-1),0),0),"") | AA7: =IF($G7=1,IF(AND($E7>=3,($F7-2)>0),ROUND((($P$3-S7)-(Y7+Z7))/($F7-2),0),0),"") | AB7: =IF($G7=1,IF(AND($E7>=4,($F7-3)>0),ROUND((($P$3-S7)-(Y7+Z7+AA7))/($F7-3),0),0),"") | AC7: =IF($G7=1,IF(AND($E7>=5,($F7-4)>0),ROUND((($P$3-S7)-(Y7+Z7+AA7+AB7))/($F7-4),0),0),"") | AD7: =IF($A7="","",IF($G7=1,(Y7+Z7+AA7+AB7+AC7),AD6)) -> 82 | AE7: =IF($A7="","",IF($G7=1,IF('Base de Dados'!$B$7="Sim",(T7+U7+V7+W7+X7),MAX(AD7,(T7+U7+V7+W7+X7))),AE6)) -> 82 | AF7: =IF($A7="","",IF($G7=1,AD7,AF6-N(AG6))) -> 41 | AG7: =IF($C7=1,ROUND(AF7/($E7-$D7+1),0),"") -> 41 | AH7: =IF($C7<>1,"",IF('Base de Dados'!$B$7="Sim",IF(SUMIFS(P$5:P6,$B$5:$B6,$B7)<SUMIFS(AG$5:AG6,$B$5:$B6,$B7)-0.000000001,ROUNDUP(ROUND(MAX(AE7-SUMIFS(P$5:P6,$B$5:$B6,$B7),0)/($E7-$D7+1),6),0),ROUND(MAX(AE7-SUMIFS(P$5:P6,$B$5:$B6,$B7),0)/($E7-$D7+1),0)),MAX(AG7,IF(SUMIFS(P$5:P6,$B$5:$B6,$B7)<SUMIFS(AG$5:AG6,$B$5:$B6,$B7)-0.000000001,ROUNDUP(ROUND(MAX(AE7-SUMIFS(P$5:P6,$B$5:$B6,$B7),0)/($E7-$D7+1),6),0),ROUND(MAX(AE7-SUMIFS(P$5:P6,$B$5:$B6,$B7),0)/($E7-$D7+1),0))))) -> 82 | AI7: =IF($A7="",0,IF('Meta Diária'!K7<>"",'Meta Diária'!K7,IF(AND($C7=1,$A7>='Base de Dados'!$B$6),BA7,0))) -> 0 | AJ7: =AJ6+AI6 -> 0 | AK7: =IF($G7=1,IF(AJ7<AL7-0.000000001,1,0),"") | AL7: =IF($G7=1,SUMIFS(AW$5:AW6,$G$5:$G6,1),"") | AM7: =IF($G7=1,IF(AND($E7>=1,($F7-0)>0),IF(AK7=1,ROUNDUP(ROUND((MAX($AI$3-AJ7,0)-(0))/($F7-0),6),0),ROUND((MAX($AI$3-AJ7,0)-(0))/($F7-0),0)),0),"") | AN7: =IF($G7=1,IF(AND($E7>=2,($F7-1)>0),IF(AK7=1,ROUNDUP(ROUND((MAX($AI$3-AJ7,0)-(AM7))/($F7-1),6),0),ROUND((MAX($AI$3-AJ7,0)-(AM7))/($F7-1),0)),0),"") | AO7: =IF($G7=1,IF(AND($E7>=3,($F7-2)>0),IF(AK7=1,ROUNDUP(ROUND((MAX($AI$3-AJ7,0)-(AM7+AN7))/($F7-2),6),0),ROUND((MAX($AI$3-AJ7,0)-(AM7+AN7))/($F7-2),0)),0),"") | AP7: =IF($G7=1,IF(AND($E7>=4,($F7-3)>0),IF(AK7=1,ROUNDUP(ROUND((MAX($AI$3-AJ7,0)-(AM7+AN7+AO7))/($F7-3),6),0),ROUND((MAX($AI$3-AJ7,0)-(AM7+AN7+AO7))/($F7-3),0)),0),"") | AQ7: =IF($G7=1,IF(AND($E7>=5,($F7-4)>0),IF(AK7=1,ROUNDUP(ROUND((MAX($AI$3-AJ7,0)-(AM7+AN7+AO7+AP7))/($F7-4),6),0),ROUND((MAX($AI$3-AJ7,0)-(AM7+AN7+AO7+AP7))/($F7-4),0)),0),"") | AR7: =IF($G7=1,IF(AND($E7>=1,($F7-0)>0),ROUND((($AI$3-AL7)-(0))/($F7-0),0),0),"") | AS7: =IF($G7=1,IF(AND($E7>=2,($F7-1)>0),ROUND((($AI$3-AL7)-(AR7))/($F7-1),0),0),"") | AT7: =IF($G7=1,IF(AND($E7>=3,($F7-2)>0),ROUND((($AI$3-AL7)-(AR7+AS7))/($F7-2),0),0),"") | AU7: =IF($G7=1,IF(AND($E7>=4,($F7-3)>0),ROUND((($AI$3-AL7)-(AR7+AS7+AT7))/($F7-3),0),0),"") | AV7: =IF($G7=1,IF(AND($E7>=5,($F7-4)>0),ROUND((($AI$3-AL7)-(AR7+AS7+AT7+AU7))/($F7-4),0),0),"") | AW7: =IF($A7="","",IF($G7=1,(AR7+AS7+AT7+AU7+AV7),AW6)) -> 16 | AX7: =IF($A7="","",IF($G7=1,IF('Base de Dados'!$B$7="Sim",(AM7+AN7+AO7+AP7+AQ7),MAX(AW7,(AM7+AN7+AO7+AP7+AQ7))),AX6)) -> 16 | AY7: =IF($A7="","",IF($G7=1,AW7,AY6-N(AZ6))) -> 8 | AZ7: =IF($C7=1,ROUND(AY7/($E7-$D7+1),0),"") -> 8 | BA7: =IF($C7<>1,"",IF('Base de Dados'!$B$7="Sim",IF(SUMIFS(AI$5:AI6,$B$5:$B6,$B7)<SUMIFS(AZ$5:AZ6,$B$5:$B6,$B7)-0.000000001,ROUNDUP(ROUND(MAX(AX7-SUMIFS(AI$5:AI6,$B$5:$B6,$B7),0)/($E7-$D7+1),6),0),ROUND(MAX(AX7-SUMIFS(AI$5:AI6,$B$5:$B6,$B7),0)/($E7-$D7+1),0)),MAX(AZ7,IF(SUMIFS(AI$5:AI6,$B$5:$B6,$B7)<SUMIFS(AZ$5:AZ6,$B$5:$B6,$B7)-0.000000001,ROUNDUP(ROUND(MAX(AX7-SUMIFS(AI$5:AI6,$B$5:$B6,$B7),0)/($E7-$D7+1),6),0),ROUND(MAX(AX7-SUMIFS(AI$5:AI6,$B$5:$B6,$B7),0)/($E7-$D7+1),0))))) -> 16 | BB7: =IF($A7="",0,IF('Meta Diária'!M7<>"",'Meta Diária'!M7,IF(AND($C7=1,$A7>='Base de Dados'!$B$6),BT7,0))) -> 0 | BC7: =BC6+BB6 -> 0 | BD7: =IF($G7=1,IF(BC7<BE7-0.000000001,1,0),"") | BE7: =IF($G7=1,SUMIFS(BP$5:BP6,$G$5:$G6,1),"") | BF7: =IF($G7=1,IF(AND($E7>=1,($F7-0)>0),IF(BD7=1,ROUNDUP(ROUND((MAX($BB$3-BC7,0)-(0))/($F7-0),6),0),ROUND((MAX($BB$3-BC7,0)-(0))/($F7-0),0)),0),"") | BG7: =IF($G7=1,IF(AND($E7>=2,($F7-1)>0),IF(BD7=1,ROUNDUP(ROUND((MAX($BB$3-BC7,0)-(BF7))/($F7-1),6),0),ROUND((MAX($BB$3-BC7,0)-(BF7))/($F7-1),0)),0),"") | BH7: =IF($G7=1,IF(AND($E7>=3,($F7-2)>0),IF(BD7=1,ROUNDUP(ROUND((MAX($BB$3-BC7,0)-(BF7+BG7))/($F7-2),6),0),ROUND((MAX($BB$3-BC7,0)-(BF7+BG7))/($F7-2),0)),0),"") | BI7: =IF($G7=1,IF(AND($E7>=4,($F7-3)>0),IF(BD7=1,ROUNDUP(ROUND((MAX($BB$3-BC7,0)-(BF7+BG7+BH7))/($F7-3),6),0),ROUND((MAX($BB$3-BC7,0)-(BF7+BG7+BH7))/($F7-3),0)),0),"") | BJ7: =IF($G7=1,IF(AND($E7>=5,($F7-4)>0),IF(BD7=1,ROUNDUP(ROUND((MAX($BB$3-BC7,0)-(BF7+BG7+BH7+BI7))/($F7-4),6),0),ROUND((MAX($BB$3-BC7,0)-(BF7+BG7+BH7+BI7))/($F7-4),0)),0),"") | BK7: =IF($G7=1,IF(AND($E7>=1,($F7-0)>0),ROUND((($BB$3-BE7)-(0))/($F7-0),0),0),"") | BL7: =IF($G7=1,IF(AND($E7>=2,($F7-1)>0),ROUND((($BB$3-BE7)-(BK7))/($F7-1),0),0),"") | BM7: =IF($G7=1,IF(AND($E7>=3,($F7-2)>0),ROUND((($BB$3-BE7)-(BK7+BL7))/($F7-2),0),0),"") | BN7: =IF($G7=1,IF(AND($E7>=4,($F7-3)>0),ROUND((($BB$3-BE7)-(BK7+BL7+BM7))/($F7-3),0),0),"") | BO7: =IF($G7=1,IF(AND($E7>=5,($F7-4)>0),ROUND((($BB$3-BE7)-(BK7+BL7+BM7+BN7))/($F7-4),0),0),"") | BP7: =IF($A7="","",IF($G7=1,(BK7+BL7+BM7+BN7+BO7),BP6)) -> 10 | BQ7: =IF($A7="","",IF($G7=1,IF('Base de Dados'!$B$7="Sim",(BF7+BG7+BH7+BI7+BJ7),MAX(BP7,(BF7+BG7+BH7+BI7+BJ7))),BQ6)) -> 10 | BR7: =IF($A7="","",IF($G7=1,BP7,BR6-N(BS6))) -> 5 | BS7: =IF($C7=1,ROUND(BR7/($E7-$D7+1),0),"") -> 5 | BT7: =IF($C7<>1,"",IF('Base de Dados'!$B$7="Sim",IF(SUMIFS(BB$5:BB6,$B$5:$B6,$B7)<SUMIFS(BS$5:BS6,$B$5:$B6,$B7)-0.000000001,ROUNDUP(ROUND(MAX(BQ7-SUMIFS(BB$5:BB6,$B$5:$B6,$B7),0)/($E7-$D7+1),6),0),ROUND(MAX(BQ7-SUMIFS(BB$5:BB6,$B$5:$B6,$B7),0)/($E7-$D7+1),0)),MAX(BS7,IF(SUMIFS(BB$5:BB6,$B$5:$B6,$B7)<SUMIFS(BS$5:BS6,$B$5:$B6,$B7)-0.000000001,ROUNDUP(ROUND(MAX(BQ7-SUMIFS(BB$5:BB6,$B$5:$B6,$B7),0)/($E7-$D7+1),6),0),ROUND(MAX(BQ7-SUMIFS(BB$5:BB6,$B$5:$B6,$B7),0)/($E7-$D7+1),0))))) -> 10 | BU7: =IF($A7="",0,IF('Meta Diária'!O7<>"",'Meta Diária'!O7,IF(AND($C7=1,$A7>='Base de Dados'!$B$6),CM7,0))) -> 0 | BV7: =BV6+BU6 -> 0 | BW7: =IF($G7=1,IF(BV7<BX7-0.000000001,1,0),"") | BX7: =IF($G7=1,SUMIFS(CI$5:CI6,$G$5:$G6,1),"") | BY7: =IF($G7=1,IF(AND($E7>=1,($F7-0)>0),IF(BW7=1,ROUNDUP(ROUND((MAX($BU$3-BV7,0)-(0))/($F7-0),6),0),ROUND((MAX($BU$3-BV7,0)-(0))/($F7-0),0)),0),"") | BZ7: =IF($G7=1,IF(AND($E7>=2,($F7-1)>0),IF(BW7=1,ROUNDUP(ROUND((MAX($BU$3-BV7,0)-(BY7))/($F7-1),6),0),ROUND((MAX($BU$3-BV7,0)-(BY7))/($F7-1),0)),0),"") | CA7: =IF($G7=1,IF(AND($E7>=3,($F7-2)>0),IF(BW7=1,ROUNDUP(ROUND((MAX($BU$3-BV7,0)-(BY7+BZ7))/($F7-2),6),0),ROUND((MAX($BU$3-BV7,0)-(BY7+BZ7))/($F7-2),0)),0),"") | CB7: =IF($G7=1,IF(AND($E7>=4,($F7-3)>0),IF(BW7=1,ROUNDUP(ROUND((MAX($BU$3-BV7,0)-(BY7+BZ7+CA7))/($F7-3),6),0),ROUND((MAX($BU$3-BV7,0)-(BY7+BZ7+CA7))/($F7-3),0)),0),"") | CC7: =IF($G7=1,IF(AND($E7>=5,($F7-4)>0),IF(BW7=1,ROUNDUP(ROUND((MAX($BU$3-BV7,0)-(BY7+BZ7+CA7+CB7))/($F7-4),6),0),ROUND((MAX($BU$3-BV7,0)-(BY7+BZ7+CA7+CB7))/($F7-4),0)),0),"") | CD7: =IF($G7=1,IF(AND($E7>=1,($F7-0)>0),ROUND((($BU$3-BX7)-(0))/($F7-0),0),0),"") | CE7: =IF($G7=1,IF(AND($E7>=2,($F7-1)>0),ROUND((($BU$3-BX7)-(CD7))/($F7-1),0),0),"") | CF7: =IF($G7=1,IF(AND($E7>=3,($F7-2)>0),ROUND((($BU$3-BX7)-(CD7+CE7))/($F7-2),0),0),"") | CG7: =IF($G7=1,IF(AND($E7>=4,($F7-3)>0),ROUND((($BU$3-BX7)-(CD7+CE7+CF7))/($F7-3),0),0),"") | CH7: =IF($G7=1,IF(AND($E7>=5,($F7-4)>0),ROUND((($BU$3-BX7)-(CD7+CE7+CF7+CG7))/($F7-4),0),0),"") | CI7: =IF($A7="","",IF($G7=1,(CD7+CE7+CF7+CG7+CH7),CI6)) -> 4 | CJ7: =IF($A7="","",IF($G7=1,IF('Base de Dados'!$B$7="Sim",(BY7+BZ7+CA7+CB7+CC7),MAX(CI7,(BY7+BZ7+CA7+CB7+CC7))),CJ6)) -> 4 | CK7: =IF($A7="","",IF($G7=1,CI7,CK6-N(CL6))) -> 2 | CL7: =IF($C7=1,ROUND(CK7/($E7-$D7+1),0),"") -> 2 | CM7: =IF($C7<>1,"",IF('Base de Dados'!$B$7="Sim",IF(SUMIFS(BU$5:BU6,$B$5:$B6,$B7)<SUMIFS(CL$5:CL6,$B$5:$B6,$B7)-0.000000001,ROUNDUP(ROUND(MAX(CJ7-SUMIFS(BU$5:BU6,$B$5:$B6,$B7),0)/($E7-$D7+1),6),0),ROUND(MAX(CJ7-SUMIFS(BU$5:BU6,$B$5:$B6,$B7),0)/($E7-$D7+1),0)),MAX(CL7,IF(SUMIFS(BU$5:BU6,$B$5:$B6,$B7)<SUMIFS(CL$5:CL6,$B$5:$B6,$B7)-0.000000001,ROUNDUP(ROUND(MAX(CJ7-SUMIFS(BU$5:BU6,$B$5:$B6,$B7),0)/($E7-$D7+1),6),0),ROUND(MAX(CJ7-SUMIFS(BU$5:BU6,$B$5:$B6,$B7),0)/($E7-$D7+1),0))))) -> 4
A8: =IF($E$2+2<=EOMONTH($E$2,0),$E$2+2,"") -> 46298 | B8: =IF(A8="","",IF(COUNTIFS(H$6:H$36,H8,C$6:C$36,1)=0,"",IF(H8=H7,B7,1+MAX(B$5:B7)))) -> 1 | C8: =IF(A8="",0,IF(AND(WEEKDAY(A8,2)<=5,COUNTIF(Folgas!$A$5:$A$300,A8)=0),1,0)) -> 0 | D8: =IF(C8=1,COUNTIFS(B$6:B8,B8,C$6:C8,1),0) -> 0 | E8: =IF(OR(A8="",B8=""),0,COUNTIFS(B$6:B$36,B8,C$6:C$36,1)) -> 2 | F8: =IF(OR(A8="",B8=""),0,COUNTIFS(B$6:B$36,">="&B8,C$6:C$36,1)) -> 21 | G8: =IF(OR(A8="",B8=""),0,IF(B8=B7,0,1)) -> 0 | H8: =IF(A8="","",INT((A8-$E$3)/7)+1) -> 1 | J8: =IF($A8="",0,IF('Meta Diária'!G8<>"",'Meta Diária'!G8,IF(AND($C8=1,$A8>='Base de Dados'!$B$6),O8,0))) -> 0 | K8: =K7+J7 -> 0 | L8: =IF($A8="","",IF($G8=1,IF($B$2=0,0,$J$3*$E8/$B$2),L7)) -> 2857.1429 | M8: =IF($A8="","",IF($G8=1,IF('Base de Dados'!$B$7="Sim",IF($F8=0,0,MAX($J$3-K8,0)*$E8/$F8),MAX(L8,IF($F8=0,0,MAX($J$3-K8,0)*$E8/$F8))),M7)) -> 2857.1429 | N8: =IF($C8=1,M8/$E8,"") | O8: =IF($C8<>1,"",IF('Base de Dados'!$B$7="Sim",MAX(M8-SUMIFS(J$5:J7,$B$5:$B7,$B8),0)/($E8-$D8+1),MAX(N8,MAX(M8-SUMIFS(J$5:J7,$B$5:$B7,$B8),0)/($E8-$D8+1)))) | P8: =IF($A8="",0,IF('Meta Diária'!I8<>"",'Meta Diária'!I8,IF(AND($C8=1,$A8>='Base de Dados'!$B$6),AH8,0))) -> 0 | Q8: =Q7+P7 -> 0 | R8: =IF($G8=1,IF(Q8<S8-0.000000001,1,0),"") | S8: =IF($G8=1,SUMIFS(AD$5:AD7,$G$5:$G7,1),"") | T8: =IF($G8=1,IF(AND($E8>=1,($F8-0)>0),IF(R8=1,ROUNDUP(ROUND((MAX($P$3-Q8,0)-(0))/($F8-0),6),0),ROUND((MAX($P$3-Q8,0)-(0))/($F8-0),0)),0),"") | U8: =IF($G8=1,IF(AND($E8>=2,($F8-1)>0),IF(R8=1,ROUNDUP(ROUND((MAX($P$3-Q8,0)-(T8))/($F8-1),6),0),ROUND((MAX($P$3-Q8,0)-(T8))/($F8-1),0)),0),"") | V8: =IF($G8=1,IF(AND($E8>=3,($F8-2)>0),IF(R8=1,ROUNDUP(ROUND((MAX($P$3-Q8,0)-(T8+U8))/($F8-2),6),0),ROUND((MAX($P$3-Q8,0)-(T8+U8))/($F8-2),0)),0),"") | W8: =IF($G8=1,IF(AND($E8>=4,($F8-3)>0),IF(R8=1,ROUNDUP(ROUND((MAX($P$3-Q8,0)-(T8+U8+V8))/($F8-3),6),0),ROUND((MAX($P$3-Q8,0)-(T8+U8+V8))/($F8-3),0)),0),"") | X8: =IF($G8=1,IF(AND($E8>=5,($F8-4)>0),IF(R8=1,ROUNDUP(ROUND((MAX($P$3-Q8,0)-(T8+U8+V8+W8))/($F8-4),6),0),ROUND((MAX($P$3-Q8,0)-(T8+U8+V8+W8))/($F8-4),0)),0),"") | Y8: =IF($G8=1,IF(AND($E8>=1,($F8-0)>0),ROUND((($P$3-S8)-(0))/($F8-0),0),0),"") | Z8: =IF($G8=1,IF(AND($E8>=2,($F8-1)>0),ROUND((($P$3-S8)-(Y8))/($F8-1),0),0),"") | AA8: =IF($G8=1,IF(AND($E8>=3,($F8-2)>0),ROUND((($P$3-S8)-(Y8+Z8))/($F8-2),0),0),"") | AB8: =IF($G8=1,IF(AND($E8>=4,($F8-3)>0),ROUND((($P$3-S8)-(Y8+Z8+AA8))/($F8-3),0),0),"") | AC8: =IF($G8=1,IF(AND($E8>=5,($F8-4)>0),ROUND((($P$3-S8)-(Y8+Z8+AA8+AB8))/($F8-4),0),0),"") | AD8: =IF($A8="","",IF($G8=1,(Y8+Z8+AA8+AB8+AC8),AD7)) -> 82 | AE8: =IF($A8="","",IF($G8=1,IF('Base de Dados'!$B$7="Sim",(T8+U8+V8+W8+X8),MAX(AD8,(T8+U8+V8+W8+X8))),AE7)) -> 82 | AF8: =IF($A8="","",IF($G8=1,AD8,AF7-N(AG7))) -> 0 | AG8: =IF($C8=1,ROUND(AF8/($E8-$D8+1),0),"") | AH8: =IF($C8<>1,"",IF('Base de Dados'!$B$7="Sim",IF(SUMIFS(P$5:P7,$B$5:$B7,$B8)<SUMIFS(AG$5:AG7,$B$5:$B7,$B8)-0.000000001,ROUNDUP(ROUND(MAX(AE8-SUMIFS(P$5:P7,$B$5:$B7,$B8),0)/($E8-$D8+1),6),0),ROUND(MAX(AE8-SUMIFS(P$5:P7,$B$5:$B7,$B8),0)/($E8-$D8+1),0)),MAX(AG8,IF(SUMIFS(P$5:P7,$B$5:$B7,$B8)<SUMIFS(AG$5:AG7,$B$5:$B7,$B8)-0.000000001,ROUNDUP(ROUND(MAX(AE8-SUMIFS(P$5:P7,$B$5:$B7,$B8),0)/($E8-$D8+1),6),0),ROUND(MAX(AE8-SUMIFS(P$5:P7,$B$5:$B7,$B8),0)/($E8-$D8+1),0))))) | AI8: =IF($A8="",0,IF('Meta Diária'!K8<>"",'Meta Diária'!K8,IF(AND($C8=1,$A8>='Base de Dados'!$B$6),BA8,0))) -> 0 | AJ8: =AJ7+AI7 -> 0 | AK8: =IF($G8=1,IF(AJ8<AL8-0.000000001,1,0),"") | AL8: =IF($G8=1,SUMIFS(AW$5:AW7,$G$5:$G7,1),"") | AM8: =IF($G8=1,IF(AND($E8>=1,($F8-0)>0),IF(AK8=1,ROUNDUP(ROUND((MAX($AI$3-AJ8,0)-(0))/($F8-0),6),0),ROUND((MAX($AI$3-AJ8,0)-(0))/($F8-0),0)),0),"") | AN8: =IF($G8=1,IF(AND($E8>=2,($F8-1)>0),IF(AK8=1,ROUNDUP(ROUND((MAX($AI$3-AJ8,0)-(AM8))/($F8-1),6),0),ROUND((MAX($AI$3-AJ8,0)-(AM8))/($F8-1),0)),0),"") | AO8: =IF($G8=1,IF(AND($E8>=3,($F8-2)>0),IF(AK8=1,ROUNDUP(ROUND((MAX($AI$3-AJ8,0)-(AM8+AN8))/($F8-2),6),0),ROUND((MAX($AI$3-AJ8,0)-(AM8+AN8))/($F8-2),0)),0),"") | AP8: =IF($G8=1,IF(AND($E8>=4,($F8-3)>0),IF(AK8=1,ROUNDUP(ROUND((MAX($AI$3-AJ8,0)-(AM8+AN8+AO8))/($F8-3),6),0),ROUND((MAX($AI$3-AJ8,0)-(AM8+AN8+AO8))/($F8-3),0)),0),"") | AQ8: =IF($G8=1,IF(AND($E8>=5,($F8-4)>0),IF(AK8=1,ROUNDUP(ROUND((MAX($AI$3-AJ8,0)-(AM8+AN8+AO8+AP8))/($F8-4),6),0),ROUND((MAX($AI$3-AJ8,0)-(AM8+AN8+AO8+AP8))/($F8-4),0)),0),"") | AR8: =IF($G8=1,IF(AND($E8>=1,($F8-0)>0),ROUND((($AI$3-AL8)-(0))/($F8-0),0),0),"") | AS8: =IF($G8=1,IF(AND($E8>=2,($F8-1)>0),ROUND((($AI$3-AL8)-(AR8))/($F8-1),0),0),"") | AT8: =IF($G8=1,IF(AND($E8>=3,($F8-2)>0),ROUND((($AI$3-AL8)-(AR8+AS8))/($F8-2),0),0),"") | AU8: =IF($G8=1,IF(AND($E8>=4,($F8-3)>0),ROUND((($AI$3-AL8)-(AR8+AS8+AT8))/($F8-3),0),0),"") | AV8: =IF($G8=1,IF(AND($E8>=5,($F8-4)>0),ROUND((($AI$3-AL8)-(AR8+AS8+AT8+AU8))/($F8-4),0),0),"") | AW8: =IF($A8="","",IF($G8=1,(AR8+AS8+AT8+AU8+AV8),AW7)) -> 16 | AX8: =IF($A8="","",IF($G8=1,IF('Base de Dados'!$B$7="Sim",(AM8+AN8+AO8+AP8+AQ8),MAX(AW8,(AM8+AN8+AO8+AP8+AQ8))),AX7)) -> 16 | AY8: =IF($A8="","",IF($G8=1,AW8,AY7-N(AZ7))) -> 0 | AZ8: =IF($C8=1,ROUND(AY8/($E8-$D8+1),0),"") | BA8: =IF($C8<>1,"",IF('Base de Dados'!$B$7="Sim",IF(SUMIFS(AI$5:AI7,$B$5:$B7,$B8)<SUMIFS(AZ$5:AZ7,$B$5:$B7,$B8)-0.000000001,ROUNDUP(ROUND(MAX(AX8-SUMIFS(AI$5:AI7,$B$5:$B7,$B8),0)/($E8-$D8+1),6),0),ROUND(MAX(AX8-SUMIFS(AI$5:AI7,$B$5:$B7,$B8),0)/($E8-$D8+1),0)),MAX(AZ8,IF(SUMIFS(AI$5:AI7,$B$5:$B7,$B8)<SUMIFS(AZ$5:AZ7,$B$5:$B7,$B8)-0.000000001,ROUNDUP(ROUND(MAX(AX8-SUMIFS(AI$5:AI7,$B$5:$B7,$B8),0)/($E8-$D8+1),6),0),ROUND(MAX(AX8-SUMIFS(AI$5:AI7,$B$5:$B7,$B8),0)/($E8-$D8+1),0))))) | BB8: =IF($A8="",0,IF('Meta Diária'!M8<>"",'Meta Diária'!M8,IF(AND($C8=1,$A8>='Base de Dados'!$B$6),BT8,0))) -> 0 | BC8: =BC7+BB7 -> 0 | BD8: =IF($G8=1,IF(BC8<BE8-0.000000001,1,0),"") | BE8: =IF($G8=1,SUMIFS(BP$5:BP7,$G$5:$G7,1),"") | BF8: =IF($G8=1,IF(AND($E8>=1,($F8-0)>0),IF(BD8=1,ROUNDUP(ROUND((MAX($BB$3-BC8,0)-(0))/($F8-0),6),0),ROUND((MAX($BB$3-BC8,0)-(0))/($F8-0),0)),0),"") | BG8: =IF($G8=1,IF(AND($E8>=2,($F8-1)>0),IF(BD8=1,ROUNDUP(ROUND((MAX($BB$3-BC8,0)-(BF8))/($F8-1),6),0),ROUND((MAX($BB$3-BC8,0)-(BF8))/($F8-1),0)),0),"") | BH8: =IF($G8=1,IF(AND($E8>=3,($F8-2)>0),IF(BD8=1,ROUNDUP(ROUND((MAX($BB$3-BC8,0)-(BF8+BG8))/($F8-2),6),0),ROUND((MAX($BB$3-BC8,0)-(BF8+BG8))/($F8-2),0)),0),"") | BI8: =IF($G8=1,IF(AND($E8>=4,($F8-3)>0),IF(BD8=1,ROUNDUP(ROUND((MAX($BB$3-BC8,0)-(BF8+BG8+BH8))/($F8-3),6),0),ROUND((MAX($BB$3-BC8,0)-(BF8+BG8+BH8))/($F8-3),0)),0),"") | BJ8: =IF($G8=1,IF(AND($E8>=5,($F8-4)>0),IF(BD8=1,ROUNDUP(ROUND((MAX($BB$3-BC8,0)-(BF8+BG8+BH8+BI8))/($F8-4),6),0),ROUND((MAX($BB$3-BC8,0)-(BF8+BG8+BH8+BI8))/($F8-4),0)),0),"") | BK8: =IF($G8=1,IF(AND($E8>=1,($F8-0)>0),ROUND((($BB$3-BE8)-(0))/($F8-0),0),0),"") | BL8: =IF($G8=1,IF(AND($E8>=2,($F8-1)>0),ROUND((($BB$3-BE8)-(BK8))/($F8-1),0),0),"") | BM8: =IF($G8=1,IF(AND($E8>=3,($F8-2)>0),ROUND((($BB$3-BE8)-(BK8+BL8))/($F8-2),0),0),"") | BN8: =IF($G8=1,IF(AND($E8>=4,($F8-3)>0),ROUND((($BB$3-BE8)-(BK8+BL8+BM8))/($F8-3),0),0),"") | BO8: =IF($G8=1,IF(AND($E8>=5,($F8-4)>0),ROUND((($BB$3-BE8)-(BK8+BL8+BM8+BN8))/($F8-4),0),0),"") | BP8: =IF($A8="","",IF($G8=1,(BK8+BL8+BM8+BN8+BO8),BP7)) -> 10 | BQ8: =IF($A8="","",IF($G8=1,IF('Base de Dados'!$B$7="Sim",(BF8+BG8+BH8+BI8+BJ8),MAX(BP8,(BF8+BG8+BH8+BI8+BJ8))),BQ7)) -> 10 | BR8: =IF($A8="","",IF($G8=1,BP8,BR7-N(BS7))) -> 0 | BS8: =IF($C8=1,ROUND(BR8/($E8-$D8+1),0),"") | BT8: =IF($C8<>1,"",IF('Base de Dados'!$B$7="Sim",IF(SUMIFS(BB$5:BB7,$B$5:$B7,$B8)<SUMIFS(BS$5:BS7,$B$5:$B7,$B8)-0.000000001,ROUNDUP(ROUND(MAX(BQ8-SUMIFS(BB$5:BB7,$B$5:$B7,$B8),0)/($E8-$D8+1),6),0),ROUND(MAX(BQ8-SUMIFS(BB$5:BB7,$B$5:$B7,$B8),0)/($E8-$D8+1),0)),MAX(BS8,IF(SUMIFS(BB$5:BB7,$B$5:$B7,$B8)<SUMIFS(BS$5:BS7,$B$5:$B7,$B8)-0.000000001,ROUNDUP(ROUND(MAX(BQ8-SUMIFS(BB$5:BB7,$B$5:$B7,$B8),0)/($E8-$D8+1),6),0),ROUND(MAX(BQ8-SUMIFS(BB$5:BB7,$B$5:$B7,$B8),0)/($E8-$D8+1),0))))) | BU8: =IF($A8="",0,IF('Meta Diária'!O8<>"",'Meta Diária'!O8,IF(AND($C8=1,$A8>='Base de Dados'!$B$6),CM8,0))) -> 0 | BV8: =BV7+BU7 -> 0 | BW8: =IF($G8=1,IF(BV8<BX8-0.000000001,1,0),"") | BX8: =IF($G8=1,SUMIFS(CI$5:CI7,$G$5:$G7,1),"") | BY8: =IF($G8=1,IF(AND($E8>=1,($F8-0)>0),IF(BW8=1,ROUNDUP(ROUND((MAX($BU$3-BV8,0)-(0))/($F8-0),6),0),ROUND((MAX($BU$3-BV8,0)-(0))/($F8-0),0)),0),"") | BZ8: =IF($G8=1,IF(AND($E8>=2,($F8-1)>0),IF(BW8=1,ROUNDUP(ROUND((MAX($BU$3-BV8,0)-(BY8))/($F8-1),6),0),ROUND((MAX($BU$3-BV8,0)-(BY8))/($F8-1),0)),0),"") | CA8: =IF($G8=1,IF(AND($E8>=3,($F8-2)>0),IF(BW8=1,ROUNDUP(ROUND((MAX($BU$3-BV8,0)-(BY8+BZ8))/($F8-2),6),0),ROUND((MAX($BU$3-BV8,0)-(BY8+BZ8))/($F8-2),0)),0),"") | CB8: =IF($G8=1,IF(AND($E8>=4,($F8-3)>0),IF(BW8=1,ROUNDUP(ROUND((MAX($BU$3-BV8,0)-(BY8+BZ8+CA8))/($F8-3),6),0),ROUND((MAX($BU$3-BV8,0)-(BY8+BZ8+CA8))/($F8-3),0)),0),"") | CC8: =IF($G8=1,IF(AND($E8>=5,($F8-4)>0),IF(BW8=1,ROUNDUP(ROUND((MAX($BU$3-BV8,0)-(BY8+BZ8+CA8+CB8))/($F8-4),6),0),ROUND((MAX($BU$3-BV8,0)-(BY8+BZ8+CA8+CB8))/($F8-4),0)),0),"") | CD8: =IF($G8=1,IF(AND($E8>=1,($F8-0)>0),ROUND((($BU$3-BX8)-(0))/($F8-0),0),0),"") | CE8: =IF($G8=1,IF(AND($E8>=2,($F8-1)>0),ROUND((($BU$3-BX8)-(CD8))/($F8-1),0),0),"") | CF8: =IF($G8=1,IF(AND($E8>=3,($F8-2)>0),ROUND((($BU$3-BX8)-(CD8+CE8))/($F8-2),0),0),"") | CG8: =IF($G8=1,IF(AND($E8>=4,($F8-3)>0),ROUND((($BU$3-BX8)-(CD8+CE8+CF8))/($F8-3),0),0),"") | CH8: =IF($G8=1,IF(AND($E8>=5,($F8-4)>0),ROUND((($BU$3-BX8)-(CD8+CE8+CF8+CG8))/($F8-4),0),0),"") | CI8: =IF($A8="","",IF($G8=1,(CD8+CE8+CF8+CG8+CH8),CI7)) -> 4 | CJ8: =IF($A8="","",IF($G8=1,IF('Base de Dados'!$B$7="Sim",(BY8+BZ8+CA8+CB8+CC8),MAX(CI8,(BY8+BZ8+CA8+CB8+CC8))),CJ7)) -> 4 | CK8: =IF($A8="","",IF($G8=1,CI8,CK7-N(CL7))) -> 0 | CL8: =IF($C8=1,ROUND(CK8/($E8-$D8+1),0),"") | CM8: =IF($C8<>1,"",IF('Base de Dados'!$B$7="Sim",IF(SUMIFS(BU$5:BU7,$B$5:$B7,$B8)<SUMIFS(CL$5:CL7,$B$5:$B7,$B8)-0.000000001,ROUNDUP(ROUND(MAX(CJ8-SUMIFS(BU$5:BU7,$B$5:$B7,$B8),0)/($E8-$D8+1),6),0),ROUND(MAX(CJ8-SUMIFS(BU$5:BU7,$B$5:$B7,$B8),0)/($E8-$D8+1),0)),MAX(CL8,IF(SUMIFS(BU$5:BU7,$B$5:$B7,$B8)<SUMIFS(CL$5:CL7,$B$5:$B7,$B8)-0.000000001,ROUNDUP(ROUND(MAX(CJ8-SUMIFS(BU$5:BU7,$B$5:$B7,$B8),0)/($E8-$D8+1),6),0),ROUND(MAX(CJ8-SUMIFS(BU$5:BU7,$B$5:$B7,$B8),0)/($E8-$D8+1),0)))))
A9: =IF($E$2+3<=EOMONTH($E$2,0),$E$2+3,"") -> 46299 | B9: =IF(A9="","",IF(COUNTIFS(H$6:H$36,H9,C$6:C$36,1)=0,"",IF(H9=H8,B8,1+MAX(B$5:B8)))) -> 1 | C9: =IF(A9="",0,IF(AND(WEEKDAY(A9,2)<=5,COUNTIF(Folgas!$A$5:$A$300,A9)=0),1,0)) -> 0 | D9: =IF(C9=1,COUNTIFS(B$6:B9,B9,C$6:C9,1),0) -> 0 | E9: =IF(OR(A9="",B9=""),0,COUNTIFS(B$6:B$36,B9,C$6:C$36,1)) -> 2 | F9: =IF(OR(A9="",B9=""),0,COUNTIFS(B$6:B$36,">="&B9,C$6:C$36,1)) -> 21 | G9: =IF(OR(A9="",B9=""),0,IF(B9=B8,0,1)) -> 0 | H9: =IF(A9="","",INT((A9-$E$3)/7)+1) -> 1 | J9: =IF($A9="",0,IF('Meta Diária'!G9<>"",'Meta Diária'!G9,IF(AND($C9=1,$A9>='Base de Dados'!$B$6),O9,0))) -> 0 | K9: =K8+J8 -> 0 | L9: =IF($A9="","",IF($G9=1,IF($B$2=0,0,$J$3*$E9/$B$2),L8)) -> 2857.1429 | M9: =IF($A9="","",IF($G9=1,IF('Base de Dados'!$B$7="Sim",IF($F9=0,0,MAX($J$3-K9,0)*$E9/$F9),MAX(L9,IF($F9=0,0,MAX($J$3-K9,0)*$E9/$F9))),M8)) -> 2857.1429 | N9: =IF($C9=1,M9/$E9,"") | O9: =IF($C9<>1,"",IF('Base de Dados'!$B$7="Sim",MAX(M9-SUMIFS(J$5:J8,$B$5:$B8,$B9),0)/($E9-$D9+1),MAX(N9,MAX(M9-SUMIFS(J$5:J8,$B$5:$B8,$B9),0)/($E9-$D9+1)))) | P9: =IF($A9="",0,IF('Meta Diária'!I9<>"",'Meta Diária'!I9,IF(AND($C9=1,$A9>='Base de Dados'!$B$6),AH9,0))) -> 0 | Q9: =Q8+P8 -> 0 | R9: =IF($G9=1,IF(Q9<S9-0.000000001,1,0),"") | S9: =IF($G9=1,SUMIFS(AD$5:AD8,$G$5:$G8,1),"") | T9: =IF($G9=1,IF(AND($E9>=1,($F9-0)>0),IF(R9=1,ROUNDUP(ROUND((MAX($P$3-Q9,0)-(0))/($F9-0),6),0),ROUND((MAX($P$3-Q9,0)-(0))/($F9-0),0)),0),"") | U9: =IF($G9=1,IF(AND($E9>=2,($F9-1)>0),IF(R9=1,ROUNDUP(ROUND((MAX($P$3-Q9,0)-(T9))/($F9-1),6),0),ROUND((MAX($P$3-Q9,0)-(T9))/($F9-1),0)),0),"") | V9: =IF($G9=1,IF(AND($E9>=3,($F9-2)>0),IF(R9=1,ROUNDUP(ROUND((MAX($P$3-Q9,0)-(T9+U9))/($F9-2),6),0),ROUND((MAX($P$3-Q9,0)-(T9+U9))/($F9-2),0)),0),"") | W9: =IF($G9=1,IF(AND($E9>=4,($F9-3)>0),IF(R9=1,ROUNDUP(ROUND((MAX($P$3-Q9,0)-(T9+U9+V9))/($F9-3),6),0),ROUND((MAX($P$3-Q9,0)-(T9+U9+V9))/($F9-3),0)),0),"") | X9: =IF($G9=1,IF(AND($E9>=5,($F9-4)>0),IF(R9=1,ROUNDUP(ROUND((MAX($P$3-Q9,0)-(T9+U9+V9+W9))/($F9-4),6),0),ROUND((MAX($P$3-Q9,0)-(T9+U9+V9+W9))/($F9-4),0)),0),"") | Y9: =IF($G9=1,IF(AND($E9>=1,($F9-0)>0),ROUND((($P$3-S9)-(0))/($F9-0),0),0),"") | Z9: =IF($G9=1,IF(AND($E9>=2,($F9-1)>0),ROUND((($P$3-S9)-(Y9))/($F9-1),0),0),"") | AA9: =IF($G9=1,IF(AND($E9>=3,($F9-2)>0),ROUND((($P$3-S9)-(Y9+Z9))/($F9-2),0),0),"") | AB9: =IF($G9=1,IF(AND($E9>=4,($F9-3)>0),ROUND((($P$3-S9)-(Y9+Z9+AA9))/($F9-3),0),0),"") | AC9: =IF($G9=1,IF(AND($E9>=5,($F9-4)>0),ROUND((($P$3-S9)-(Y9+Z9+AA9+AB9))/($F9-4),0),0),"") | AD9: =IF($A9="","",IF($G9=1,(Y9+Z9+AA9+AB9+AC9),AD8)) -> 82 | AE9: =IF($A9="","",IF($G9=1,IF('Base de Dados'!$B$7="Sim",(T9+U9+V9+W9+X9),MAX(AD9,(T9+U9+V9+W9+X9))),AE8)) -> 82 | AF9: =IF($A9="","",IF($G9=1,AD9,AF8-N(AG8))) -> 0 | AG9: =IF($C9=1,ROUND(AF9/($E9-$D9+1),0),"") | AH9: =IF($C9<>1,"",IF('Base de Dados'!$B$7="Sim",IF(SUMIFS(P$5:P8,$B$5:$B8,$B9)<SUMIFS(AG$5:AG8,$B$5:$B8,$B9)-0.000000001,ROUNDUP(ROUND(MAX(AE9-SUMIFS(P$5:P8,$B$5:$B8,$B9),0)/($E9-$D9+1),6),0),ROUND(MAX(AE9-SUMIFS(P$5:P8,$B$5:$B8,$B9),0)/($E9-$D9+1),0)),MAX(AG9,IF(SUMIFS(P$5:P8,$B$5:$B8,$B9)<SUMIFS(AG$5:AG8,$B$5:$B8,$B9)-0.000000001,ROUNDUP(ROUND(MAX(AE9-SUMIFS(P$5:P8,$B$5:$B8,$B9),0)/($E9-$D9+1),6),0),ROUND(MAX(AE9-SUMIFS(P$5:P8,$B$5:$B8,$B9),0)/($E9-$D9+1),0))))) | AI9: =IF($A9="",0,IF('Meta Diária'!K9<>"",'Meta Diária'!K9,IF(AND($C9=1,$A9>='Base de Dados'!$B$6),BA9,0))) -> 0 | AJ9: =AJ8+AI8 -> 0 | AK9: =IF($G9=1,IF(AJ9<AL9-0.000000001,1,0),"") | AL9: =IF($G9=1,SUMIFS(AW$5:AW8,$G$5:$G8,1),"") | AM9: =IF($G9=1,IF(AND($E9>=1,($F9-0)>0),IF(AK9=1,ROUNDUP(ROUND((MAX($AI$3-AJ9,0)-(0))/($F9-0),6),0),ROUND((MAX($AI$3-AJ9,0)-(0))/($F9-0),0)),0),"") | AN9: =IF($G9=1,IF(AND($E9>=2,($F9-1)>0),IF(AK9=1,ROUNDUP(ROUND((MAX($AI$3-AJ9,0)-(AM9))/($F9-1),6),0),ROUND((MAX($AI$3-AJ9,0)-(AM9))/($F9-1),0)),0),"") | AO9: =IF($G9=1,IF(AND($E9>=3,($F9-2)>0),IF(AK9=1,ROUNDUP(ROUND((MAX($AI$3-AJ9,0)-(AM9+AN9))/($F9-2),6),0),ROUND((MAX($AI$3-AJ9,0)-(AM9+AN9))/($F9-2),0)),0),"") | AP9: =IF($G9=1,IF(AND($E9>=4,($F9-3)>0),IF(AK9=1,ROUNDUP(ROUND((MAX($AI$3-AJ9,0)-(AM9+AN9+AO9))/($F9-3),6),0),ROUND((MAX($AI$3-AJ9,0)-(AM9+AN9+AO9))/($F9-3),0)),0),"") | AQ9: =IF($G9=1,IF(AND($E9>=5,($F9-4)>0),IF(AK9=1,ROUNDUP(ROUND((MAX($AI$3-AJ9,0)-(AM9+AN9+AO9+AP9))/($F9-4),6),0),ROUND((MAX($AI$3-AJ9,0)-(AM9+AN9+AO9+AP9))/($F9-4),0)),0),"") | AR9: =IF($G9=1,IF(AND($E9>=1,($F9-0)>0),ROUND((($AI$3-AL9)-(0))/($F9-0),0),0),"") | AS9: =IF($G9=1,IF(AND($E9>=2,($F9-1)>0),ROUND((($AI$3-AL9)-(AR9))/($F9-1),0),0),"") | AT9: =IF($G9=1,IF(AND($E9>=3,($F9-2)>0),ROUND((($AI$3-AL9)-(AR9+AS9))/($F9-2),0),0),"") | AU9: =IF($G9=1,IF(AND($E9>=4,($F9-3)>0),ROUND((($AI$3-AL9)-(AR9+AS9+AT9))/($F9-3),0),0),"") | AV9: =IF($G9=1,IF(AND($E9>=5,($F9-4)>0),ROUND((($AI$3-AL9)-(AR9+AS9+AT9+AU9))/($F9-4),0),0),"") | AW9: =IF($A9="","",IF($G9=1,(AR9+AS9+AT9+AU9+AV9),AW8)) -> 16 | AX9: =IF($A9="","",IF($G9=1,IF('Base de Dados'!$B$7="Sim",(AM9+AN9+AO9+AP9+AQ9),MAX(AW9,(AM9+AN9+AO9+AP9+AQ9))),AX8)) -> 16 | AY9: =IF($A9="","",IF($G9=1,AW9,AY8-N(AZ8))) -> 0 | AZ9: =IF($C9=1,ROUND(AY9/($E9-$D9+1),0),"") | BA9: =IF($C9<>1,"",IF('Base de Dados'!$B$7="Sim",IF(SUMIFS(AI$5:AI8,$B$5:$B8,$B9)<SUMIFS(AZ$5:AZ8,$B$5:$B8,$B9)-0.000000001,ROUNDUP(ROUND(MAX(AX9-SUMIFS(AI$5:AI8,$B$5:$B8,$B9),0)/($E9-$D9+1),6),0),ROUND(MAX(AX9-SUMIFS(AI$5:AI8,$B$5:$B8,$B9),0)/($E9-$D9+1),0)),MAX(AZ9,IF(SUMIFS(AI$5:AI8,$B$5:$B8,$B9)<SUMIFS(AZ$5:AZ8,$B$5:$B8,$B9)-0.000000001,ROUNDUP(ROUND(MAX(AX9-SUMIFS(AI$5:AI8,$B$5:$B8,$B9),0)/($E9-$D9+1),6),0),ROUND(MAX(AX9-SUMIFS(AI$5:AI8,$B$5:$B8,$B9),0)/($E9-$D9+1),0))))) | BB9: =IF($A9="",0,IF('Meta Diária'!M9<>"",'Meta Diária'!M9,IF(AND($C9=1,$A9>='Base de Dados'!$B$6),BT9,0))) -> 0 | BC9: =BC8+BB8 -> 0 | BD9: =IF($G9=1,IF(BC9<BE9-0.000000001,1,0),"") | BE9: =IF($G9=1,SUMIFS(BP$5:BP8,$G$5:$G8,1),"") | BF9: =IF($G9=1,IF(AND($E9>=1,($F9-0)>0),IF(BD9=1,ROUNDUP(ROUND((MAX($BB$3-BC9,0)-(0))/($F9-0),6),0),ROUND((MAX($BB$3-BC9,0)-(0))/($F9-0),0)),0),"") | BG9: =IF($G9=1,IF(AND($E9>=2,($F9-1)>0),IF(BD9=1,ROUNDUP(ROUND((MAX($BB$3-BC9,0)-(BF9))/($F9-1),6),0),ROUND((MAX($BB$3-BC9,0)-(BF9))/($F9-1),0)),0),"") | BH9: =IF($G9=1,IF(AND($E9>=3,($F9-2)>0),IF(BD9=1,ROUNDUP(ROUND((MAX($BB$3-BC9,0)-(BF9+BG9))/($F9-2),6),0),ROUND((MAX($BB$3-BC9,0)-(BF9+BG9))/($F9-2),0)),0),"") | BI9: =IF($G9=1,IF(AND($E9>=4,($F9-3)>0),IF(BD9=1,ROUNDUP(ROUND((MAX($BB$3-BC9,0)-(BF9+BG9+BH9))/($F9-3),6),0),ROUND((MAX($BB$3-BC9,0)-(BF9+BG9+BH9))/($F9-3),0)),0),"") | BJ9: =IF($G9=1,IF(AND($E9>=5,($F9-4)>0),IF(BD9=1,ROUNDUP(ROUND((MAX($BB$3-BC9,0)-(BF9+BG9+BH9+BI9))/($F9-4),6),0),ROUND((MAX($BB$3-BC9,0)-(BF9+BG9+BH9+BI9))/($F9-4),0)),0),"") | BK9: =IF($G9=1,IF(AND($E9>=1,($F9-0)>0),ROUND((($BB$3-BE9)-(0))/($F9-0),0),0),"") | BL9: =IF($G9=1,IF(AND($E9>=2,($F9-1)>0),ROUND((($BB$3-BE9)-(BK9))/($F9-1),0),0),"") | BM9: =IF($G9=1,IF(AND($E9>=3,($F9-2)>0),ROUND((($BB$3-BE9)-(BK9+BL9))/($F9-2),0),0),"") | BN9: =IF($G9=1,IF(AND($E9>=4,($F9-3)>0),ROUND((($BB$3-BE9)-(BK9+BL9+BM9))/($F9-3),0),0),"") | BO9: =IF($G9=1,IF(AND($E9>=5,($F9-4)>0),ROUND((($BB$3-BE9)-(BK9+BL9+BM9+BN9))/($F9-4),0),0),"") | BP9: =IF($A9="","",IF($G9=1,(BK9+BL9+BM9+BN9+BO9),BP8)) -> 10 | BQ9: =IF($A9="","",IF($G9=1,IF('Base de Dados'!$B$7="Sim",(BF9+BG9+BH9+BI9+BJ9),MAX(BP9,(BF9+BG9+BH9+BI9+BJ9))),BQ8)) -> 10 | BR9: =IF($A9="","",IF($G9=1,BP9,BR8-N(BS8))) -> 0 | BS9: =IF($C9=1,ROUND(BR9/($E9-$D9+1),0),"") | BT9: =IF($C9<>1,"",IF('Base de Dados'!$B$7="Sim",IF(SUMIFS(BB$5:BB8,$B$5:$B8,$B9)<SUMIFS(BS$5:BS8,$B$5:$B8,$B9)-0.000000001,ROUNDUP(ROUND(MAX(BQ9-SUMIFS(BB$5:BB8,$B$5:$B8,$B9),0)/($E9-$D9+1),6),0),ROUND(MAX(BQ9-SUMIFS(BB$5:BB8,$B$5:$B8,$B9),0)/($E9-$D9+1),0)),MAX(BS9,IF(SUMIFS(BB$5:BB8,$B$5:$B8,$B9)<SUMIFS(BS$5:BS8,$B$5:$B8,$B9)-0.000000001,ROUNDUP(ROUND(MAX(BQ9-SUMIFS(BB$5:BB8,$B$5:$B8,$B9),0)/($E9-$D9+1),6),0),ROUND(MAX(BQ9-SUMIFS(BB$5:BB8,$B$5:$B8,$B9),0)/($E9-$D9+1),0))))) | BU9: =IF($A9="",0,IF('Meta Diária'!O9<>"",'Meta Diária'!O9,IF(AND($C9=1,$A9>='Base de Dados'!$B$6),CM9,0))) -> 0 | BV9: =BV8+BU8 -> 0 | BW9: =IF($G9=1,IF(BV9<BX9-0.000000001,1,0),"") | BX9: =IF($G9=1,SUMIFS(CI$5:CI8,$G$5:$G8,1),"") | BY9: =IF($G9=1,IF(AND($E9>=1,($F9-0)>0),IF(BW9=1,ROUNDUP(ROUND((MAX($BU$3-BV9,0)-(0))/($F9-0),6),0),ROUND((MAX($BU$3-BV9,0)-(0))/($F9-0),0)),0),"") | BZ9: =IF($G9=1,IF(AND($E9>=2,($F9-1)>0),IF(BW9=1,ROUNDUP(ROUND((MAX($BU$3-BV9,0)-(BY9))/($F9-1),6),0),ROUND((MAX($BU$3-BV9,0)-(BY9))/($F9-1),0)),0),"") | CA9: =IF($G9=1,IF(AND($E9>=3,($F9-2)>0),IF(BW9=1,ROUNDUP(ROUND((MAX($BU$3-BV9,0)-(BY9+BZ9))/($F9-2),6),0),ROUND((MAX($BU$3-BV9,0)-(BY9+BZ9))/($F9-2),0)),0),"") | CB9: =IF($G9=1,IF(AND($E9>=4,($F9-3)>0),IF(BW9=1,ROUNDUP(ROUND((MAX($BU$3-BV9,0)-(BY9+BZ9+CA9))/($F9-3),6),0),ROUND((MAX($BU$3-BV9,0)-(BY9+BZ9+CA9))/($F9-3),0)),0),"") | CC9: =IF($G9=1,IF(AND($E9>=5,($F9-4)>0),IF(BW9=1,ROUNDUP(ROUND((MAX($BU$3-BV9,0)-(BY9+BZ9+CA9+CB9))/($F9-4),6),0),ROUND((MAX($BU$3-BV9,0)-(BY9+BZ9+CA9+CB9))/($F9-4),0)),0),"") | CD9: =IF($G9=1,IF(AND($E9>=1,($F9-0)>0),ROUND((($BU$3-BX9)-(0))/($F9-0),0),0),"") | CE9: =IF($G9=1,IF(AND($E9>=2,($F9-1)>0),ROUND((($BU$3-BX9)-(CD9))/($F9-1),0),0),"") | CF9: =IF($G9=1,IF(AND($E9>=3,($F9-2)>0),ROUND((($BU$3-BX9)-(CD9+CE9))/($F9-2),0),0),"") | CG9: =IF($G9=1,IF(AND($E9>=4,($F9-3)>0),ROUND((($BU$3-BX9)-(CD9+CE9+CF9))/($F9-3),0),0),"") | CH9: =IF($G9=1,IF(AND($E9>=5,($F9-4)>0),ROUND((($BU$3-BX9)-(CD9+CE9+CF9+CG9))/($F9-4),0),0),"") | CI9: =IF($A9="","",IF($G9=1,(CD9+CE9+CF9+CG9+CH9),CI8)) -> 4 | CJ9: =IF($A9="","",IF($G9=1,IF('Base de Dados'!$B$7="Sim",(BY9+BZ9+CA9+CB9+CC9),MAX(CI9,(BY9+BZ9+CA9+CB9+CC9))),CJ8)) -> 4 | CK9: =IF($A9="","",IF($G9=1,CI9,CK8-N(CL8))) -> 0 | CL9: =IF($C9=1,ROUND(CK9/($E9-$D9+1),0),"") | CM9: =IF($C9<>1,"",IF('Base de Dados'!$B$7="Sim",IF(SUMIFS(BU$5:BU8,$B$5:$B8,$B9)<SUMIFS(CL$5:CL8,$B$5:$B8,$B9)-0.000000001,ROUNDUP(ROUND(MAX(CJ9-SUMIFS(BU$5:BU8,$B$5:$B8,$B9),0)/($E9-$D9+1),6),0),ROUND(MAX(CJ9-SUMIFS(BU$5:BU8,$B$5:$B8,$B9),0)/($E9-$D9+1),0)),MAX(CL9,IF(SUMIFS(BU$5:BU8,$B$5:$B8,$B9)<SUMIFS(CL$5:CL8,$B$5:$B8,$B9)-0.000000001,ROUNDUP(ROUND(MAX(CJ9-SUMIFS(BU$5:BU8,$B$5:$B8,$B9),0)/($E9-$D9+1),6),0),ROUND(MAX(CJ9-SUMIFS(BU$5:BU8,$B$5:$B8,$B9),0)/($E9-$D9+1),0)))))
A10: =IF($E$2+4<=EOMONTH($E$2,0),$E$2+4,"") -> 46300 | B10: =IF(A10="","",IF(COUNTIFS(H$6:H$36,H10,C$6:C$36,1)=0,"",IF(H10=H9,B9,1+MAX(B$5:B9)))) -> 2 | C10: =IF(A10="",0,IF(AND(WEEKDAY(A10,2)<=5,COUNTIF(Folgas!$A$5:$A$300,A10)=0),1,0)) -> 1 | D10: =IF(C10=1,COUNTIFS(B$6:B10,B10,C$6:C10,1),0) -> 1 | E10: =IF(OR(A10="",B10=""),0,COUNTIFS(B$6:B$36,B10,C$6:C$36,1)) -> 5 | F10: =IF(OR(A10="",B10=""),0,COUNTIFS(B$6:B$36,">="&B10,C$6:C$36,1)) -> 19 | G10: =IF(OR(A10="",B10=""),0,IF(B10=B9,0,1)) -> 1 | H10: =IF(A10="","",INT((A10-$E$3)/7)+1) -> 2 | J10: =IF($A10="",0,IF('Meta Diária'!G10<>"",'Meta Diária'!G10,IF(AND($C10=1,$A10>='Base de Dados'!$B$6),O10,0))) -> 0 | K10: =K9+J9 -> 0 | L10: =IF($A10="","",IF($G10=1,IF($B$2=0,0,$J$3*$E10/$B$2),L9)) -> 7142.8571 | M10: =IF($A10="","",IF($G10=1,IF('Base de Dados'!$B$7="Sim",IF($F10=0,0,MAX($J$3-K10,0)*$E10/$F10),MAX(L10,IF($F10=0,0,MAX($J$3-K10,0)*$E10/$F10))),M9)) -> 7894.7368 | N10: =IF($C10=1,M10/$E10,"") -> 1578.9474 | O10: =IF($C10<>1,"",IF('Base de Dados'!$B$7="Sim",MAX(M10-SUMIFS(J$5:J9,$B$5:$B9,$B10),0)/($E10-$D10+1),MAX(N10,MAX(M10-SUMIFS(J$5:J9,$B$5:$B9,$B10),0)/($E10-$D10+1)))) -> 1578.9474 | P10: =IF($A10="",0,IF('Meta Diária'!I10<>"",'Meta Diária'!I10,IF(AND($C10=1,$A10>='Base de Dados'!$B$6),AH10,0))) -> 0 | Q10: =Q9+P9 -> 0 | R10: =IF($G10=1,IF(Q10<S10-0.000000001,1,0),"") -> 1 | S10: =IF($G10=1,SUMIFS(AD$5:AD9,$G$5:$G9,1),"") -> 82 | T10: =IF($G10=1,IF(AND($E10>=1,($F10-0)>0),IF(R10=1,ROUNDUP(ROUND((MAX($P$3-Q10,0)-(0))/($F10-0),6),0),ROUND((MAX($P$3-Q10,0)-(0))/($F10-0),0)),0),"") -> 46 | U10: =IF($G10=1,IF(AND($E10>=2,($F10-1)>0),IF(R10=1,ROUNDUP(ROUND((MAX($P$3-Q10,0)-(T10))/($F10-1),6),0),ROUND((MAX($P$3-Q10,0)-(T10))/($F10-1),0)),0),"") -> 46 | V10: =IF($G10=1,IF(AND($E10>=3,($F10-2)>0),IF(R10=1,ROUNDUP(ROUND((MAX($P$3-Q10,0)-(T10+U10))/($F10-2),6),0),ROUND((MAX($P$3-Q10,0)-(T10+U10))/($F10-2),0)),0),"") -> 46 | W10: =IF($G10=1,IF(AND($E10>=4,($F10-3)>0),IF(R10=1,ROUNDUP(ROUND((MAX($P$3-Q10,0)-(T10+U10+V10))/($F10-3),6),0),ROUND((MAX($P$3-Q10,0)-(T10+U10+V10))/($F10-3),0)),0),"") -> 45 | X10: =IF($G10=1,IF(AND($E10>=5,($F10-4)>0),IF(R10=1,ROUNDUP(ROUND((MAX($P$3-Q10,0)-(T10+U10+V10+W10))/($F10-4),6),0),ROUND((MAX($P$3-Q10,0)-(T10+U10+V10+W10))/($F10-4),0)),0),"") -> 45 | Y10: =IF($G10=1,IF(AND($E10>=1,($F10-0)>0),ROUND((($P$3-S10)-(0))/($F10-0),0),0),"") -> 41 | Z10: =IF($G10=1,IF(AND($E10>=2,($F10-1)>0),ROUND((($P$3-S10)-(Y10))/($F10-1),0),0),"") -> 41 | AA10: =IF($G10=1,IF(AND($E10>=3,($F10-2)>0),ROUND((($P$3-S10)-(Y10+Z10))/($F10-2),0),0),"") -> 41 | AB10: =IF($G10=1,IF(AND($E10>=4,($F10-3)>0),ROUND((($P$3-S10)-(Y10+Z10+AA10))/($F10-3),0),0),"") -> 41 | AC10: =IF($G10=1,IF(AND($E10>=5,($F10-4)>0),ROUND((($P$3-S10)-(Y10+Z10+AA10+AB10))/($F10-4),0),0),"") -> 41 | AD10: =IF($A10="","",IF($G10=1,(Y10+Z10+AA10+AB10+AC10),AD9)) -> 205 | AE10: =IF($A10="","",IF($G10=1,IF('Base de Dados'!$B$7="Sim",(T10+U10+V10+W10+X10),MAX(AD10,(T10+U10+V10+W10+X10))),AE9)) -> 228 | AF10: =IF($A10="","",IF($G10=1,AD10,AF9-N(AG9))) -> 205 | AG10: =IF($C10=1,ROUND(AF10/($E10-$D10+1),0),"") -> 41 | AH10: =IF($C10<>1,"",IF('Base de Dados'!$B$7="Sim",IF(SUMIFS(P$5:P9,$B$5:$B9,$B10)<SUMIFS(AG$5:AG9,$B$5:$B9,$B10)-0.000000001,ROUNDUP(ROUND(MAX(AE10-SUMIFS(P$5:P9,$B$5:$B9,$B10),0)/($E10-$D10+1),6),0),ROUND(MAX(AE10-SUMIFS(P$5:P9,$B$5:$B9,$B10),0)/($E10-$D10+1),0)),MAX(AG10,IF(SUMIFS(P$5:P9,$B$5:$B9,$B10)<SUMIFS(AG$5:AG9,$B$5:$B9,$B10)-0.000000001,ROUNDUP(ROUND(MAX(AE10-SUMIFS(P$5:P9,$B$5:$B9,$B10),0)/($E10-$D10+1),6),0),ROUND(MAX(AE10-SUMIFS(P$5:P9,$B$5:$B9,$B10),0)/($E10-$D10+1),0))))) -> 46 | AI10: =IF($A10="",0,IF('Meta Diária'!K10<>"",'Meta Diária'!K10,IF(AND($C10=1,$A10>='Base de Dados'!$B$6),BA10,0))) -> 0 | AJ10: =AJ9+AI9 -> 0 | AK10: =IF($G10=1,IF(AJ10<AL10-0.000000001,1,0),"") -> 1 | AL10: =IF($G10=1,SUMIFS(AW$5:AW9,$G$5:$G9,1),"") -> 16 | AM10: =IF($G10=1,IF(AND($E10>=1,($F10-0)>0),IF(AK10=1,ROUNDUP(ROUND((MAX($AI$3-AJ10,0)-(0))/($F10-0),6),0),ROUND((MAX($AI$3-AJ10,0)-(0))/($F10-0),0)),0),"") -> 10 | AN10: =IF($G10=1,IF(AND($E10>=2,($F10-1)>0),IF(AK10=1,ROUNDUP(ROUND((MAX($AI$3-AJ10,0)-(AM10))/($F10-1),6),0),ROUND((MAX($AI$3-AJ10,0)-(AM10))/($F10-1),0)),0),"") -> 9 | AO10: =IF($G10=1,IF(AND($E10>=3,($F10-2)>0),IF(AK10=1,ROUNDUP(ROUND((MAX($AI$3-AJ10,0)-(AM10+AN10))/($F10-2),6),0),ROUND((MAX($AI$3-AJ10,0)-(AM10+AN10))/($F10-2),0)),0),"") -> 9 | AP10: =IF($G10=1,IF(AND($E10>=4,($F10-3)>0),IF(AK10=1,ROUNDUP(ROUND((MAX($AI$3-AJ10,0)-(AM10+AN10+AO10))/($F10-3),6),0),ROUND((MAX($AI$3-AJ10,0)-(AM10+AN10+AO10))/($F10-3),0)),0),"") -> 9 | AQ10: =IF($G10=1,IF(AND($E10>=5,($F10-4)>0),IF(AK10=1,ROUNDUP(ROUND((MAX($AI$3-AJ10,0)-(AM10+AN10+AO10+AP10))/($F10-4),6),0),ROUND((MAX($AI$3-AJ10,0)-(AM10+AN10+AO10+AP10))/($F10-4),0)),0),"") -> 9 | AR10: =IF($G10=1,IF(AND($E10>=1,($F10-0)>0),ROUND((($AI$3-AL10)-(0))/($F10-0),0),0),"") -> 8 | AS10: =IF($G10=1,IF(AND($E10>=2,($F10-1)>0),ROUND((($AI$3-AL10)-(AR10))/($F10-1),0),0),"") -> 8 | AT10: =IF($G10=1,IF(AND($E10>=3,($F10-2)>0),ROUND((($AI$3-AL10)-(AR10+AS10))/($F10-2),0),0),"") -> 8 | AU10: =IF($G10=1,IF(AND($E10>=4,($F10-3)>0),ROUND((($AI$3-AL10)-(AR10+AS10+AT10))/($F10-3),0),0),"") -> 8 | AV10: =IF($G10=1,IF(AND($E10>=5,($F10-4)>0),ROUND((($AI$3-AL10)-(AR10+AS10+AT10+AU10))/($F10-4),0),0),"") -> 8 | AW10: =IF($A10="","",IF($G10=1,(AR10+AS10+AT10+AU10+AV10),AW9)) -> 40 | AX10: =IF($A10="","",IF($G10=1,IF('Base de Dados'!$B$7="Sim",(AM10+AN10+AO10+AP10+AQ10),MAX(AW10,(AM10+AN10+AO10+AP10+AQ10))),AX9)) -> 46 | AY10: =IF($A10="","",IF($G10=1,AW10,AY9-N(AZ9))) -> 40 | AZ10: =IF($C10=1,ROUND(AY10/($E10-$D10+1),0),"") -> 8 | BA10: =IF($C10<>1,"",IF('Base de Dados'!$B$7="Sim",IF(SUMIFS(AI$5:AI9,$B$5:$B9,$B10)<SUMIFS(AZ$5:AZ9,$B$5:$B9,$B10)-0.000000001,ROUNDUP(ROUND(MAX(AX10-SUMIFS(AI$5:AI9,$B$5:$B9,$B10),0)/($E10-$D10+1),6),0),ROUND(MAX(AX10-SUMIFS(AI$5:AI9,$B$5:$B9,$B10),0)/($E10-$D10+1),0)),MAX(AZ10,IF(SUMIFS(AI$5:AI9,$B$5:$B9,$B10)<SUMIFS(AZ$5:AZ9,$B$5:$B9,$B10)-0.000000001,ROUNDUP(ROUND(MAX(AX10-SUMIFS(AI$5:AI9,$B$5:$B9,$B10),0)/($E10-$D10+1),6),0),ROUND(MAX(AX10-SUMIFS(AI$5:AI9,$B$5:$B9,$B10),0)/($E10-$D10+1),0))))) -> 9 | BB10: =IF($A10="",0,IF('Meta Diária'!M10<>"",'Meta Diária'!M10,IF(AND($C10=1,$A10>='Base de Dados'!$B$6),BT10,0))) -> 0 | BC10: =BC9+BB9 -> 0 | BD10: =IF($G10=1,IF(BC10<BE10-0.000000001,1,0),"") -> 1 | BE10: =IF($G10=1,SUMIFS(BP$5:BP9,$G$5:$G9,1),"") -> 10 | BF10: =IF($G10=1,IF(AND($E10>=1,($F10-0)>0),IF(BD10=1,ROUNDUP(ROUND((MAX($BB$3-BC10,0)-(0))/($F10-0),6),0),ROUND((MAX($BB$3-BC10,0)-(0))/($F10-0),0)),0),"") -> 6 | BG10: =IF($G10=1,IF(AND($E10>=2,($F10-1)>0),IF(BD10=1,ROUNDUP(ROUND((MAX($BB$3-BC10,0)-(BF10))/($F10-1),6),0),ROUND((MAX($BB$3-BC10,0)-(BF10))/($F10-1),0)),0),"") -> 6 | BH10: =IF($G10=1,IF(AND($E10>=3,($F10-2)>0),IF(BD10=1,ROUNDUP(ROUND((MAX($BB$3-BC10,0)-(BF10+BG10))/($F10-2),6),0),ROUND((MAX($BB$3-BC10,0)-(BF10+BG10))/($F10-2),0)),0),"") -> 6 | BI10: =IF($G10=1,IF(AND($E10>=4,($F10-3)>0),IF(BD10=1,ROUNDUP(ROUND((MAX($BB$3-BC10,0)-(BF10+BG10+BH10))/($F10-3),6),0),ROUND((MAX($BB$3-BC10,0)-(BF10+BG10+BH10))/($F10-3),0)),0),"") -> 6 | BJ10: =IF($G10=1,IF(AND($E10>=5,($F10-4)>0),IF(BD10=1,ROUNDUP(ROUND((MAX($BB$3-BC10,0)-(BF10+BG10+BH10+BI10))/($F10-4),6),0),ROUND((MAX($BB$3-BC10,0)-(BF10+BG10+BH10+BI10))/($F10-4),0)),0),"") -> 6 | BK10: =IF($G10=1,IF(AND($E10>=1,($F10-0)>0),ROUND((($BB$3-BE10)-(0))/($F10-0),0),0),"") -> 5 | BL10: =IF($G10=1,IF(AND($E10>=2,($F10-1)>0),ROUND((($BB$3-BE10)-(BK10))/($F10-1),0),0),"") -> 5 | BM10: =IF($G10=1,IF(AND($E10>=3,($F10-2)>0),ROUND((($BB$3-BE10)-(BK10+BL10))/($F10-2),0),0),"") -> 5 | BN10: =IF($G10=1,IF(AND($E10>=4,($F10-3)>0),ROUND((($BB$3-BE10)-(BK10+BL10+BM10))/($F10-3),0),0),"") -> 5 | BO10: =IF($G10=1,IF(AND($E10>=5,($F10-4)>0),ROUND((($BB$3-BE10)-(BK10+BL10+BM10+BN10))/($F10-4),0),0),"") -> 5 | BP10: =IF($A10="","",IF($G10=1,(BK10+BL10+BM10+BN10+BO10),BP9)) -> 25 | BQ10: =IF($A10="","",IF($G10=1,IF('Base de Dados'!$B$7="Sim",(BF10+BG10+BH10+BI10+BJ10),MAX(BP10,(BF10+BG10+BH10+BI10+BJ10))),BQ9)) -> 30 | BR10: =IF($A10="","",IF($G10=1,BP10,BR9-N(BS9))) -> 25 | BS10: =IF($C10=1,ROUND(BR10/($E10-$D10+1),0),"") -> 5 | BT10: =IF($C10<>1,"",IF('Base de Dados'!$B$7="Sim",IF(SUMIFS(BB$5:BB9,$B$5:$B9,$B10)<SUMIFS(BS$5:BS9,$B$5:$B9,$B10)-0.000000001,ROUNDUP(ROUND(MAX(BQ10-SUMIFS(BB$5:BB9,$B$5:$B9,$B10),0)/($E10-$D10+1),6),0),ROUND(MAX(BQ10-SUMIFS(BB$5:BB9,$B$5:$B9,$B10),0)/($E10-$D10+1),0)),MAX(BS10,IF(SUMIFS(BB$5:BB9,$B$5:$B9,$B10)<SUMIFS(BS$5:BS9,$B$5:$B9,$B10)-0.000000001,ROUNDUP(ROUND(MAX(BQ10-SUMIFS(BB$5:BB9,$B$5:$B9,$B10),0)/($E10-$D10+1),6),0),ROUND(MAX(BQ10-SUMIFS(BB$5:BB9,$B$5:$B9,$B10),0)/($E10-$D10+1),0))))) -> 6 | BU10: =IF($A10="",0,IF('Meta Diária'!O10<>"",'Meta Diária'!O10,IF(AND($C10=1,$A10>='Base de Dados'!$B$6),CM10,0))) -> 0 | BV10: =BV9+BU9 -> 0 | BW10: =IF($G10=1,IF(BV10<BX10-0.000000001,1,0),"") -> 1 | BX10: =IF($G10=1,SUMIFS(CI$5:CI9,$G$5:$G9,1),"") -> 4 | BY10: =IF($G10=1,IF(AND($E10>=1,($F10-0)>0),IF(BW10=1,ROUNDUP(ROUND((MAX($BU$3-BV10,0)-(0))/($F10-0),6),0),ROUND((MAX($BU$3-BV10,0)-(0))/($F10-0),0)),0),"") -> 2 | BZ10: =IF($G10=1,IF(AND($E10>=2,($F10-1)>0),IF(BW10=1,ROUNDUP(ROUND((MAX($BU$3-BV10,0)-(BY10))/($F10-1),6),0),ROUND((MAX($BU$3-BV10,0)-(BY10))/($F10-1),0)),0),"") -> 2 | CA10: =IF($G10=1,IF(AND($E10>=3,($F10-2)>0),IF(BW10=1,ROUNDUP(ROUND((MAX($BU$3-BV10,0)-(BY10+BZ10))/($F10-2),6),0),ROUND((MAX($BU$3-BV10,0)-(BY10+BZ10))/($F10-2),0)),0),"") -> 2 | CB10: =IF($G10=1,IF(AND($E10>=4,($F10-3)>0),IF(BW10=1,ROUNDUP(ROUND((MAX($BU$3-BV10,0)-(BY10+BZ10+CA10))/($F10-3),6),0),ROUND((MAX($BU$3-BV10,0)-(BY10+BZ10+CA10))/($F10-3),0)),0),"") -> 2 | CC10: =IF($G10=1,IF(AND($E10>=5,($F10-4)>0),IF(BW10=1,ROUNDUP(ROUND((MAX($BU$3-BV10,0)-(BY10+BZ10+CA10+CB10))/($F10-4),6),0),ROUND((MAX($BU$3-BV10,0)-(BY10+BZ10+CA10+CB10))/($F10-4),0)),0),"") -> 2 | CD10: =IF($G10=1,IF(AND($E10>=1,($F10-0)>0),ROUND((($BU$3-BX10)-(0))/($F10-0),0),0),"") -> 1 | CE10: =IF($G10=1,IF(AND($E10>=2,($F10-1)>0),ROUND((($BU$3-BX10)-(CD10))/($F10-1),0),0),"") -> 2 | CF10: =IF($G10=1,IF(AND($E10>=3,($F10-2)>0),ROUND((($BU$3-BX10)-(CD10+CE10))/($F10-2),0),0),"") -> 1 | CG10: =IF($G10=1,IF(AND($E10>=4,($F10-3)>0),ROUND((($BU$3-BX10)-(CD10+CE10+CF10))/($F10-3),0),0),"") -> 2 | CH10: =IF($G10=1,IF(AND($E10>=5,($F10-4)>0),ROUND((($BU$3-BX10)-(CD10+CE10+CF10+CG10))/($F10-4),0),0),"") -> 1 | CI10: =IF($A10="","",IF($G10=1,(CD10+CE10+CF10+CG10+CH10),CI9)) -> 7 | CJ10: =IF($A10="","",IF($G10=1,IF('Base de Dados'!$B$7="Sim",(BY10+BZ10+CA10+CB10+CC10),MAX(CI10,(BY10+BZ10+CA10+CB10+CC10))),CJ9)) -> 10 | CK10: =IF($A10="","",IF($G10=1,CI10,CK9-N(CL9))) -> 7 | CL10: =IF($C10=1,ROUND(CK10/($E10-$D10+1),0),"") -> 1 | CM10: =IF($C10<>1,"",IF('Base de Dados'!$B$7="Sim",IF(SUMIFS(BU$5:BU9,$B$5:$B9,$B10)<SUMIFS(CL$5:CL9,$B$5:$B9,$B10)-0.000000001,ROUNDUP(ROUND(MAX(CJ10-SUMIFS(BU$5:BU9,$B$5:$B9,$B10),0)/($E10-$D10+1),6),0),ROUND(MAX(CJ10-SUMIFS(BU$5:BU9,$B$5:$B9,$B10),0)/($E10-$D10+1),0)),MAX(CL10,IF(SUMIFS(BU$5:BU9,$B$5:$B9,$B10)<SUMIFS(CL$5:CL9,$B$5:$B9,$B10)-0.000000001,ROUNDUP(ROUND(MAX(CJ10-SUMIFS(BU$5:BU9,$B$5:$B9,$B10),0)/($E10-$D10+1),6),0),ROUND(MAX(CJ10-SUMIFS(BU$5:BU9,$B$5:$B9,$B10),0)/($E10-$D10+1),0))))) -> 2
A11: =IF($E$2+5<=EOMONTH($E$2,0),$E$2+5,"") -> 46301 | B11: =IF(A11="","",IF(COUNTIFS(H$6:H$36,H11,C$6:C$36,1)=0,"",IF(H11=H10,B10,1+MAX(B$5:B10)))) -> 2 | C11: =IF(A11="",0,IF(AND(WEEKDAY(A11,2)<=5,COUNTIF(Folgas!$A$5:$A$300,A11)=0),1,0)) -> 1 | D11: =IF(C11=1,COUNTIFS(B$6:B11,B11,C$6:C11,1),0) -> 2 | E11: =IF(OR(A11="",B11=""),0,COUNTIFS(B$6:B$36,B11,C$6:C$36,1)) -> 5 | F11: =IF(OR(A11="",B11=""),0,COUNTIFS(B$6:B$36,">="&B11,C$6:C$36,1)) -> 19 | G11: =IF(OR(A11="",B11=""),0,IF(B11=B10,0,1)) -> 0 | H11: =IF(A11="","",INT((A11-$E$3)/7)+1) -> 2 | J11: =IF($A11="",0,IF('Meta Diária'!G11<>"",'Meta Diária'!G11,IF(AND($C11=1,$A11>='Base de Dados'!$B$6),O11,0))) -> 0 | K11: =K10+J10 -> 0 | L11: =IF($A11="","",IF($G11=1,IF($B$2=0,0,$J$3*$E11/$B$2),L10)) -> 7142.8571 | M11: =IF($A11="","",IF($G11=1,IF('Base de Dados'!$B$7="Sim",IF($F11=0,0,MAX($J$3-K11,0)*$E11/$F11),MAX(L11,IF($F11=0,0,MAX($J$3-K11,0)*$E11/$F11))),M10)) -> 7894.7368 | N11: =IF($C11=1,M11/$E11,"") -> 1578.9474 | O11: =IF($C11<>1,"",IF('Base de Dados'!$B$7="Sim",MAX(M11-SUMIFS(J$5:J10,$B$5:$B10,$B11),0)/($E11-$D11+1),MAX(N11,MAX(M11-SUMIFS(J$5:J10,$B$5:$B10,$B11),0)/($E11-$D11+1)))) -> 1973.6842 | P11: =IF($A11="",0,IF('Meta Diária'!I11<>"",'Meta Diária'!I11,IF(AND($C11=1,$A11>='Base de Dados'!$B$6),AH11,0))) -> 0 | Q11: =Q10+P10 -> 0 | R11: =IF($G11=1,IF(Q11<S11-0.000000001,1,0),"") | S11: =IF($G11=1,SUMIFS(AD$5:AD10,$G$5:$G10,1),"") | T11: =IF($G11=1,IF(AND($E11>=1,($F11-0)>0),IF(R11=1,ROUNDUP(ROUND((MAX($P$3-Q11,0)-(0))/($F11-0),6),0),ROUND((MAX($P$3-Q11,0)-(0))/($F11-0),0)),0),"") | U11: =IF($G11=1,IF(AND($E11>=2,($F11-1)>0),IF(R11=1,ROUNDUP(ROUND((MAX($P$3-Q11,0)-(T11))/($F11-1),6),0),ROUND((MAX($P$3-Q11,0)-(T11))/($F11-1),0)),0),"") | V11: =IF($G11=1,IF(AND($E11>=3,($F11-2)>0),IF(R11=1,ROUNDUP(ROUND((MAX($P$3-Q11,0)-(T11+U11))/($F11-2),6),0),ROUND((MAX($P$3-Q11,0)-(T11+U11))/($F11-2),0)),0),"") | W11: =IF($G11=1,IF(AND($E11>=4,($F11-3)>0),IF(R11=1,ROUNDUP(ROUND((MAX($P$3-Q11,0)-(T11+U11+V11))/($F11-3),6),0),ROUND((MAX($P$3-Q11,0)-(T11+U11+V11))/($F11-3),0)),0),"") | X11: =IF($G11=1,IF(AND($E11>=5,($F11-4)>0),IF(R11=1,ROUNDUP(ROUND((MAX($P$3-Q11,0)-(T11+U11+V11+W11))/($F11-4),6),0),ROUND((MAX($P$3-Q11,0)-(T11+U11+V11+W11))/($F11-4),0)),0),"") | Y11: =IF($G11=1,IF(AND($E11>=1,($F11-0)>0),ROUND((($P$3-S11)-(0))/($F11-0),0),0),"") | Z11: =IF($G11=1,IF(AND($E11>=2,($F11-1)>0),ROUND((($P$3-S11)-(Y11))/($F11-1),0),0),"") | AA11: =IF($G11=1,IF(AND($E11>=3,($F11-2)>0),ROUND((($P$3-S11)-(Y11+Z11))/($F11-2),0),0),"") | AB11: =IF($G11=1,IF(AND($E11>=4,($F11-3)>0),ROUND((($P$3-S11)-(Y11+Z11+AA11))/($F11-3),0),0),"") | AC11: =IF($G11=1,IF(AND($E11>=5,($F11-4)>0),ROUND((($P$3-S11)-(Y11+Z11+AA11+AB11))/($F11-4),0),0),"") | AD11: =IF($A11="","",IF($G11=1,(Y11+Z11+AA11+AB11+AC11),AD10)) -> 205 | AE11: =IF($A11="","",IF($G11=1,IF('Base de Dados'!$B$7="Sim",(T11+U11+V11+W11+X11),MAX(AD11,(T11+U11+V11+W11+X11))),AE10)) -> 228 | AF11: =IF($A11="","",IF($G11=1,AD11,AF10-N(AG10))) -> 164 | AG11: =IF($C11=1,ROUND(AF11/($E11-$D11+1),0),"") -> 41 | AH11: =IF($C11<>1,"",IF('Base de Dados'!$B$7="Sim",IF(SUMIFS(P$5:P10,$B$5:$B10,$B11)<SUMIFS(AG$5:AG10,$B$5:$B10,$B11)-0.000000001,ROUNDUP(ROUND(MAX(AE11-SUMIFS(P$5:P10,$B$5:$B10,$B11),0)/($E11-$D11+1),6),0),ROUND(MAX(AE11-SUMIFS(P$5:P10,$B$5:$B10,$B11),0)/($E11-$D11+1),0)),MAX(AG11,IF(SUMIFS(P$5:P10,$B$5:$B10,$B11)<SUMIFS(AG$5:AG10,$B$5:$B10,$B11)-0.000000001,ROUNDUP(ROUND(MAX(AE11-SUMIFS(P$5:P10,$B$5:$B10,$B11),0)/($E11-$D11+1),6),0),ROUND(MAX(AE11-SUMIFS(P$5:P10,$B$5:$B10,$B11),0)/($E11-$D11+1),0))))) -> 57 | AI11: =IF($A11="",0,IF('Meta Diária'!K11<>"",'Meta Diária'!K11,IF(AND($C11=1,$A11>='Base de Dados'!$B$6),BA11,0))) -> 0 | AJ11: =AJ10+AI10 -> 0 | AK11: =IF($G11=1,IF(AJ11<AL11-0.000000001,1,0),"") | AL11: =IF($G11=1,SUMIFS(AW$5:AW10,$G$5:$G10,1),"") | AM11: =IF($G11=1,IF(AND($E11>=1,($F11-0)>0),IF(AK11=1,ROUNDUP(ROUND((MAX($AI$3-AJ11,0)-(0))/($F11-0),6),0),ROUND((MAX($AI$3-AJ11,0)-(0))/($F11-0),0)),0),"") | AN11: =IF($G11=1,IF(AND($E11>=2,($F11-1)>0),IF(AK11=1,ROUNDUP(ROUND((MAX($AI$3-AJ11,0)-(AM11))/($F11-1),6),0),ROUND((MAX($AI$3-AJ11,0)-(AM11))/($F11-1),0)),0),"") | AO11: =IF($G11=1,IF(AND($E11>=3,($F11-2)>0),IF(AK11=1,ROUNDUP(ROUND((MAX($AI$3-AJ11,0)-(AM11+AN11))/($F11-2),6),0),ROUND((MAX($AI$3-AJ11,0)-(AM11+AN11))/($F11-2),0)),0),"") | AP11: =IF($G11=1,IF(AND($E11>=4,($F11-3)>0),IF(AK11=1,ROUNDUP(ROUND((MAX($AI$3-AJ11,0)-(AM11+AN11+AO11))/($F11-3),6),0),ROUND((MAX($AI$3-AJ11,0)-(AM11+AN11+AO11))/($F11-3),0)),0),"") | AQ11: =IF($G11=1,IF(AND($E11>=5,($F11-4)>0),IF(AK11=1,ROUNDUP(ROUND((MAX($AI$3-AJ11,0)-(AM11+AN11+AO11+AP11))/($F11-4),6),0),ROUND((MAX($AI$3-AJ11,0)-(AM11+AN11+AO11+AP11))/($F11-4),0)),0),"") | AR11: =IF($G11=1,IF(AND($E11>=1,($F11-0)>0),ROUND((($AI$3-AL11)-(0))/($F11-0),0),0),"") | AS11: =IF($G11=1,IF(AND($E11>=2,($F11-1)>0),ROUND((($AI$3-AL11)-(AR11))/($F11-1),0),0),"") | AT11: =IF($G11=1,IF(AND($E11>=3,($F11-2)>0),ROUND((($AI$3-AL11)-(AR11+AS11))/($F11-2),0),0),"") | AU11: =IF($G11=1,IF(AND($E11>=4,($F11-3)>0),ROUND((($AI$3-AL11)-(AR11+AS11+AT11))/($F11-3),0),0),"") | AV11: =IF($G11=1,IF(AND($E11>=5,($F11-4)>0),ROUND((($AI$3-AL11)-(AR11+AS11+AT11+AU11))/($F11-4),0),0),"") | AW11: =IF($A11="","",IF($G11=1,(AR11+AS11+AT11+AU11+AV11),AW10)) -> 40 | AX11: =IF($A11="","",IF($G11=1,IF('Base de Dados'!$B$7="Sim",(AM11+AN11+AO11+AP11+AQ11),MAX(AW11,(AM11+AN11+AO11+AP11+AQ11))),AX10)) -> 46 | AY11: =IF($A11="","",IF($G11=1,AW11,AY10-N(AZ10))) -> 32 | AZ11: =IF($C11=1,ROUND(AY11/($E11-$D11+1),0),"") -> 8 | BA11: =IF($C11<>1,"",IF('Base de Dados'!$B$7="Sim",IF(SUMIFS(AI$5:AI10,$B$5:$B10,$B11)<SUMIFS(AZ$5:AZ10,$B$5:$B10,$B11)-0.000000001,ROUNDUP(ROUND(MAX(AX11-SUMIFS(AI$5:AI10,$B$5:$B10,$B11),0)/($E11-$D11+1),6),0),ROUND(MAX(AX11-SUMIFS(AI$5:AI10,$B$5:$B10,$B11),0)/($E11-$D11+1),0)),MAX(AZ11,IF(SUMIFS(AI$5:AI10,$B$5:$B10,$B11)<SUMIFS(AZ$5:AZ10,$B$5:$B10,$B11)-0.000000001,ROUNDUP(ROUND(MAX(AX11-SUMIFS(AI$5:AI10,$B$5:$B10,$B11),0)/($E11-$D11+1),6),0),ROUND(MAX(AX11-SUMIFS(AI$5:AI10,$B$5:$B10,$B11),0)/($E11-$D11+1),0))))) -> 12 | BB11: =IF($A11="",0,IF('Meta Diária'!M11<>"",'Meta Diária'!M11,IF(AND($C11=1,$A11>='Base de Dados'!$B$6),BT11,0))) -> 0 | BC11: =BC10+BB10 -> 0 | BD11: =IF($G11=1,IF(BC11<BE11-0.000000001,1,0),"") | BE11: =IF($G11=1,SUMIFS(BP$5:BP10,$G$5:$G10,1),"") | BF11: =IF($G11=1,IF(AND($E11>=1,($F11-0)>0),IF(BD11=1,ROUNDUP(ROUND((MAX($BB$3-BC11,0)-(0))/($F11-0),6),0),ROUND((MAX($BB$3-BC11,0)-(0))/($F11-0),0)),0),"") | BG11: =IF($G11=1,IF(AND($E11>=2,($F11-1)>0),IF(BD11=1,ROUNDUP(ROUND((MAX($BB$3-BC11,0)-(BF11))/($F11-1),6),0),ROUND((MAX($BB$3-BC11,0)-(BF11))/($F11-1),0)),0),"") | BH11: =IF($G11=1,IF(AND($E11>=3,($F11-2)>0),IF(BD11=1,ROUNDUP(ROUND((MAX($BB$3-BC11,0)-(BF11+BG11))/($F11-2),6),0),ROUND((MAX($BB$3-BC11,0)-(BF11+BG11))/($F11-2),0)),0),"") | BI11: =IF($G11=1,IF(AND($E11>=4,($F11-3)>0),IF(BD11=1,ROUNDUP(ROUND((MAX($BB$3-BC11,0)-(BF11+BG11+BH11))/($F11-3),6),0),ROUND((MAX($BB$3-BC11,0)-(BF11+BG11+BH11))/($F11-3),0)),0),"") | BJ11: =IF($G11=1,IF(AND($E11>=5,($F11-4)>0),IF(BD11=1,ROUNDUP(ROUND((MAX($BB$3-BC11,0)-(BF11+BG11+BH11+BI11))/($F11-4),6),0),ROUND((MAX($BB$3-BC11,0)-(BF11+BG11+BH11+BI11))/($F11-4),0)),0),"") | BK11: =IF($G11=1,IF(AND($E11>=1,($F11-0)>0),ROUND((($BB$3-BE11)-(0))/($F11-0),0),0),"") | BL11: =IF($G11=1,IF(AND($E11>=2,($F11-1)>0),ROUND((($BB$3-BE11)-(BK11))/($F11-1),0),0),"") | BM11: =IF($G11=1,IF(AND($E11>=3,($F11-2)>0),ROUND((($BB$3-BE11)-(BK11+BL11))/($F11-2),0),0),"") | BN11: =IF($G11=1,IF(AND($E11>=4,($F11-3)>0),ROUND((($BB$3-BE11)-(BK11+BL11+BM11))/($F11-3),0),0),"") | BO11: =IF($G11=1,IF(AND($E11>=5,($F11-4)>0),ROUND((($BB$3-BE11)-(BK11+BL11+BM11+BN11))/($F11-4),0),0),"") | BP11: =IF($A11="","",IF($G11=1,(BK11+BL11+BM11+BN11+BO11),BP10)) -> 25 | BQ11: =IF($A11="","",IF($G11=1,IF('Base de Dados'!$B$7="Sim",(BF11+BG11+BH11+BI11+BJ11),MAX(BP11,(BF11+BG11+BH11+BI11+BJ11))),BQ10)) -> 30 | BR11: =IF($A11="","",IF($G11=1,BP11,BR10-N(BS10))) -> 20 | BS11: =IF($C11=1,ROUND(BR11/($E11-$D11+1),0),"") -> 5 | BT11: =IF($C11<>1,"",IF('Base de Dados'!$B$7="Sim",IF(SUMIFS(BB$5:BB10,$B$5:$B10,$B11)<SUMIFS(BS$5:BS10,$B$5:$B10,$B11)-0.000000001,ROUNDUP(ROUND(MAX(BQ11-SUMIFS(BB$5:BB10,$B$5:$B10,$B11),0)/($E11-$D11+1),6),0),ROUND(MAX(BQ11-SUMIFS(BB$5:BB10,$B$5:$B10,$B11),0)/($E11-$D11+1),0)),MAX(BS11,IF(SUMIFS(BB$5:BB10,$B$5:$B10,$B11)<SUMIFS(BS$5:BS10,$B$5:$B10,$B11)-0.000000001,ROUNDUP(ROUND(MAX(BQ11-SUMIFS(BB$5:BB10,$B$5:$B10,$B11),0)/($E11-$D11+1),6),0),ROUND(MAX(BQ11-SUMIFS(BB$5:BB10,$B$5:$B10,$B11),0)/($E11-$D11+1),0))))) -> 8 | BU11: =IF($A11="",0,IF('Meta Diária'!O11<>"",'Meta Diária'!O11,IF(AND($C11=1,$A11>='Base de Dados'!$B$6),CM11,0))) -> 0 | BV11: =BV10+BU10 -> 0 | BW11: =IF($G11=1,IF(BV11<BX11-0.000000001,1,0),"") | BX11: =IF($G11=1,SUMIFS(CI$5:CI10,$G$5:$G10,1),"") | BY11: =IF($G11=1,IF(AND($E11>=1,($F11-0)>0),IF(BW11=1,ROUNDUP(ROUND((MAX($BU$3-BV11,0)-(0))/($F11-0),6),0),ROUND((MAX($BU$3-BV11,0)-(0))/($F11-0),0)),0),"") | BZ11: =IF($G11=1,IF(AND($E11>=2,($F11-1)>0),IF(BW11=1,ROUNDUP(ROUND((MAX($BU$3-BV11,0)-(BY11))/($F11-1),6),0),ROUND((MAX($BU$3-BV11,0)-(BY11))/($F11-1),0)),0),"") | CA11: =IF($G11=1,IF(AND($E11>=3,($F11-2)>0),IF(BW11=1,ROUNDUP(ROUND((MAX($BU$3-BV11,0)-(BY11+BZ11))/($F11-2),6),0),ROUND((MAX($BU$3-BV11,0)-(BY11+BZ11))/($F11-2),0)),0),"") | CB11: =IF($G11=1,IF(AND($E11>=4,($F11-3)>0),IF(BW11=1,ROUNDUP(ROUND((MAX($BU$3-BV11,0)-(BY11+BZ11+CA11))/($F11-3),6),0),ROUND((MAX($BU$3-BV11,0)-(BY11+BZ11+CA11))/($F11-3),0)),0),"") | CC11: =IF($G11=1,IF(AND($E11>=5,($F11-4)>0),IF(BW11=1,ROUNDUP(ROUND((MAX($BU$3-BV11,0)-(BY11+BZ11+CA11+CB11))/($F11-4),6),0),ROUND((MAX($BU$3-BV11,0)-(BY11+BZ11+CA11+CB11))/($F11-4),0)),0),"") | CD11: =IF($G11=1,IF(AND($E11>=1,($F11-0)>0),ROUND((($BU$3-BX11)-(0))/($F11-0),0),0),"") | CE11: =IF($G11=1,IF(AND($E11>=2,($F11-1)>0),ROUND((($BU$3-BX11)-(CD11))/($F11-1),0),0),"") | CF11: =IF($G11=1,IF(AND($E11>=3,($F11-2)>0),ROUND((($BU$3-BX11)-(CD11+CE11))/($F11-2),0),0),"") | CG11: =IF($G11=1,IF(AND($E11>=4,($F11-3)>0),ROUND((($BU$3-BX11)-(CD11+CE11+CF11))/($F11-3),0),0),"") | CH11: =IF($G11=1,IF(AND($E11>=5,($F11-4)>0),ROUND((($BU$3-BX11)-(CD11+CE11+CF11+CG11))/($F11-4),0),0),"") | CI11: =IF($A11="","",IF($G11=1,(CD11+CE11+CF11+CG11+CH11),CI10)) -> 7 | CJ11: =IF($A11="","",IF($G11=1,IF('Base de Dados'!$B$7="Sim",(BY11+BZ11+CA11+CB11+CC11),MAX(CI11,(BY11+BZ11+CA11+CB11+CC11))),CJ10)) -> 10 | CK11: =IF($A11="","",IF($G11=1,CI11,CK10-N(CL10))) -> 6 | CL11: =IF($C11=1,ROUND(CK11/($E11-$D11+1),0),"") -> 2 | CM11: =IF($C11<>1,"",IF('Base de Dados'!$B$7="Sim",IF(SUMIFS(BU$5:BU10,$B$5:$B10,$B11)<SUMIFS(CL$5:CL10,$B$5:$B10,$B11)-0.000000001,ROUNDUP(ROUND(MAX(CJ11-SUMIFS(BU$5:BU10,$B$5:$B10,$B11),0)/($E11-$D11+1),6),0),ROUND(MAX(CJ11-SUMIFS(BU$5:BU10,$B$5:$B10,$B11),0)/($E11-$D11+1),0)),MAX(CL11,IF(SUMIFS(BU$5:BU10,$B$5:$B10,$B11)<SUMIFS(CL$5:CL10,$B$5:$B10,$B11)-0.000000001,ROUNDUP(ROUND(MAX(CJ11-SUMIFS(BU$5:BU10,$B$5:$B10,$B11),0)/($E11-$D11+1),6),0),ROUND(MAX(CJ11-SUMIFS(BU$5:BU10,$B$5:$B10,$B11),0)/($E11-$D11+1),0))))) -> 3
A12: =IF($E$2+6<=EOMONTH($E$2,0),$E$2+6,"") -> 46302 | B12: =IF(A12="","",IF(COUNTIFS(H$6:H$36,H12,C$6:C$36,1)=0,"",IF(H12=H11,B11,1+MAX(B$5:B11)))) -> 2 | C12: =IF(A12="",0,IF(AND(WEEKDAY(A12,2)<=5,COUNTIF(Folgas!$A$5:$A$300,A12)=0),1,0)) -> 1 | D12: =IF(C12=1,COUNTIFS(B$6:B12,B12,C$6:C12,1),0) -> 3 | E12: =IF(OR(A12="",B12=""),0,COUNTIFS(B$6:B$36,B12,C$6:C$36,1)) -> 5 | F12: =IF(OR(A12="",B12=""),0,COUNTIFS(B$6:B$36,">="&B12,C$6:C$36,1)) -> 19 | G12: =IF(OR(A12="",B12=""),0,IF(B12=B11,0,1)) -> 0 | H12: =IF(A12="","",INT((A12-$E$3)/7)+1) -> 2 | J12: =IF($A12="",0,IF('Meta Diária'!G12<>"",'Meta Diária'!G12,IF(AND($C12=1,$A12>='Base de Dados'!$B$6),O12,0))) -> 0 | K12: =K11+J11 -> 0 | L12: =IF($A12="","",IF($G12=1,IF($B$2=0,0,$J$3*$E12/$B$2),L11)) -> 7142.8571 | M12: =IF($A12="","",IF($G12=1,IF('Base de Dados'!$B$7="Sim",IF($F12=0,0,MAX($J$3-K12,0)*$E12/$F12),MAX(L12,IF($F12=0,0,MAX($J$3-K12,0)*$E12/$F12))),M11)) -> 7894.7368 | N12: =IF($C12=1,M12/$E12,"") -> 1578.9474 | O12: =IF($C12<>1,"",IF('Base de Dados'!$B$7="Sim",MAX(M12-SUMIFS(J$5:J11,$B$5:$B11,$B12),0)/($E12-$D12+1),MAX(N12,MAX(M12-SUMIFS(J$5:J11,$B$5:$B11,$B12),0)/($E12-$D12+1)))) -> 2631.5789 | P12: =IF($A12="",0,IF('Meta Diária'!I12<>"",'Meta Diária'!I12,IF(AND($C12=1,$A12>='Base de Dados'!$B$6),AH12,0))) -> 0 | Q12: =Q11+P11 -> 0 | R12: =IF($G12=1,IF(Q12<S12-0.000000001,1,0),"") | S12: =IF($G12=1,SUMIFS(AD$5:AD11,$G$5:$G11,1),"") | T12: =IF($G12=1,IF(AND($E12>=1,($F12-0)>0),IF(R12=1,ROUNDUP(ROUND((MAX($P$3-Q12,0)-(0))/($F12-0),6),0),ROUND((MAX($P$3-Q12,0)-(0))/($F12-0),0)),0),"") | U12: =IF($G12=1,IF(AND($E12>=2,($F12-1)>0),IF(R12=1,ROUNDUP(ROUND((MAX($P$3-Q12,0)-(T12))/($F12-1),6),0),ROUND((MAX($P$3-Q12,0)-(T12))/($F12-1),0)),0),"") | V12: =IF($G12=1,IF(AND($E12>=3,($F12-2)>0),IF(R12=1,ROUNDUP(ROUND((MAX($P$3-Q12,0)-(T12+U12))/($F12-2),6),0),ROUND((MAX($P$3-Q12,0)-(T12+U12))/($F12-2),0)),0),"") | W12: =IF($G12=1,IF(AND($E12>=4,($F12-3)>0),IF(R12=1,ROUNDUP(ROUND((MAX($P$3-Q12,0)-(T12+U12+V12))/($F12-3),6),0),ROUND((MAX($P$3-Q12,0)-(T12+U12+V12))/($F12-3),0)),0),"") | X12: =IF($G12=1,IF(AND($E12>=5,($F12-4)>0),IF(R12=1,ROUNDUP(ROUND((MAX($P$3-Q12,0)-(T12+U12+V12+W12))/($F12-4),6),0),ROUND((MAX($P$3-Q12,0)-(T12+U12+V12+W12))/($F12-4),0)),0),"") | Y12: =IF($G12=1,IF(AND($E12>=1,($F12-0)>0),ROUND((($P$3-S12)-(0))/($F12-0),0),0),"") | Z12: =IF($G12=1,IF(AND($E12>=2,($F12-1)>0),ROUND((($P$3-S12)-(Y12))/($F12-1),0),0),"") | AA12: =IF($G12=1,IF(AND($E12>=3,($F12-2)>0),ROUND((($P$3-S12)-(Y12+Z12))/($F12-2),0),0),"") | AB12: =IF($G12=1,IF(AND($E12>=4,($F12-3)>0),ROUND((($P$3-S12)-(Y12+Z12+AA12))/($F12-3),0),0),"") | AC12: =IF($G12=1,IF(AND($E12>=5,($F12-4)>0),ROUND((($P$3-S12)-(Y12+Z12+AA12+AB12))/($F12-4),0),0),"") | AD12: =IF($A12="","",IF($G12=1,(Y12+Z12+AA12+AB12+AC12),AD11)) -> 205 | AE12: =IF($A12="","",IF($G12=1,IF('Base de Dados'!$B$7="Sim",(T12+U12+V12+W12+X12),MAX(AD12,(T12+U12+V12+W12+X12))),AE11)) -> 228 | AF12: =IF($A12="","",IF($G12=1,AD12,AF11-N(AG11))) -> 123 | AG12: =IF($C12=1,ROUND(AF12/($E12-$D12+1),0),"") -> 41 | AH12: =IF($C12<>1,"",IF('Base de Dados'!$B$7="Sim",IF(SUMIFS(P$5:P11,$B$5:$B11,$B12)<SUMIFS(AG$5:AG11,$B$5:$B11,$B12)-0.000000001,ROUNDUP(ROUND(MAX(AE12-SUMIFS(P$5:P11,$B$5:$B11,$B12),0)/($E12-$D12+1),6),0),ROUND(MAX(AE12-SUMIFS(P$5:P11,$B$5:$B11,$B12),0)/($E12-$D12+1),0)),MAX(AG12,IF(SUMIFS(P$5:P11,$B$5:$B11,$B12)<SUMIFS(AG$5:AG11,$B$5:$B11,$B12)-0.000000001,ROUNDUP(ROUND(MAX(AE12-SUMIFS(P$5:P11,$B$5:$B11,$B12),0)/($E12-$D12+1),6),0),ROUND(MAX(AE12-SUMIFS(P$5:P11,$B$5:$B11,$B12),0)/($E12-$D12+1),0))))) -> 76 | AI12: =IF($A12="",0,IF('Meta Diária'!K12<>"",'Meta Diária'!K12,IF(AND($C12=1,$A12>='Base de Dados'!$B$6),BA12,0))) -> 0 | AJ12: =AJ11+AI11 -> 0 | AK12: =IF($G12=1,IF(AJ12<AL12-0.000000001,1,0),"") | AL12: =IF($G12=1,SUMIFS(AW$5:AW11,$G$5:$G11,1),"") | AM12: =IF($G12=1,IF(AND($E12>=1,($F12-0)>0),IF(AK12=1,ROUNDUP(ROUND((MAX($AI$3-AJ12,0)-(0))/($F12-0),6),0),ROUND((MAX($AI$3-AJ12,0)-(0))/($F12-0),0)),0),"") | AN12: =IF($G12=1,IF(AND($E12>=2,($F12-1)>0),IF(AK12=1,ROUNDUP(ROUND((MAX($AI$3-AJ12,0)-(AM12))/($F12-1),6),0),ROUND((MAX($AI$3-AJ12,0)-(AM12))/($F12-1),0)),0),"") | AO12: =IF($G12=1,IF(AND($E12>=3,($F12-2)>0),IF(AK12=1,ROUNDUP(ROUND((MAX($AI$3-AJ12,0)-(AM12+AN12))/($F12-2),6),0),ROUND((MAX($AI$3-AJ12,0)-(AM12+AN12))/($F12-2),0)),0),"") | AP12: =IF($G12=1,IF(AND($E12>=4,($F12-3)>0),IF(AK12=1,ROUNDUP(ROUND((MAX($AI$3-AJ12,0)-(AM12+AN12+AO12))/($F12-3),6),0),ROUND((MAX($AI$3-AJ12,0)-(AM12+AN12+AO12))/($F12-3),0)),0),"") | AQ12: =IF($G12=1,IF(AND($E12>=5,($F12-4)>0),IF(AK12=1,ROUNDUP(ROUND((MAX($AI$3-AJ12,0)-(AM12+AN12+AO12+AP12))/($F12-4),6),0),ROUND((MAX($AI$3-AJ12,0)-(AM12+AN12+AO12+AP12))/($F12-4),0)),0),"") | AR12: =IF($G12=1,IF(AND($E12>=1,($F12-0)>0),ROUND((($AI$3-AL12)-(0))/($F12-0),0),0),"") | AS12: =IF($G12=1,IF(AND($E12>=2,($F12-1)>0),ROUND((($AI$3-AL12)-(AR12))/($F12-1),0),0),"") | AT12: =IF($G12=1,IF(AND($E12>=3,($F12-2)>0),ROUND((($AI$3-AL12)-(AR12+AS12))/($F12-2),0),0),"") | AU12: =IF($G12=1,IF(AND($E12>=4,($F12-3)>0),ROUND((($AI$3-AL12)-(AR12+AS12+AT12))/($F12-3),0),0),"") | AV12: =IF($G12=1,IF(AND($E12>=5,($F12-4)>0),ROUND((($AI$3-AL12)-(AR12+AS12+AT12+AU12))/($F12-4),0),0),"") | AW12: =IF($A12="","",IF($G12=1,(AR12+AS12+AT12+AU12+AV12),AW11)) -> 40 | AX12: =IF($A12="","",IF($G12=1,IF('Base de Dados'!$B$7="Sim",(AM12+AN12+AO12+AP12+AQ12),MAX(AW12,(AM12+AN12+AO12+AP12+AQ12))),AX11)) -> 46 | AY12: =IF($A12="","",IF($G12=1,AW12,AY11-N(AZ11))) -> 24 | AZ12: =IF($C12=1,ROUND(AY12/($E12-$D12+1),0),"") -> 8 | BA12: =IF($C12<>1,"",IF('Base de Dados'!$B$7="Sim",IF(SUMIFS(AI$5:AI11,$B$5:$B11,$B12)<SUMIFS(AZ$5:AZ11,$B$5:$B11,$B12)-0.000000001,ROUNDUP(ROUND(MAX(AX12-SUMIFS(AI$5:AI11,$B$5:$B11,$B12),0)/($E12-$D12+1),6),0),ROUND(MAX(AX12-SUMIFS(AI$5:AI11,$B$5:$B11,$B12),0)/($E12-$D12+1),0)),MAX(AZ12,IF(SUMIFS(AI$5:AI11,$B$5:$B11,$B12)<SUMIFS(AZ$5:AZ11,$B$5:$B11,$B12)-0.000000001,ROUNDUP(ROUND(MAX(AX12-SUMIFS(AI$5:AI11,$B$5:$B11,$B12),0)/($E12-$D12+1),6),0),ROUND(MAX(AX12-SUMIFS(AI$5:AI11,$B$5:$B11,$B12),0)/($E12-$D12+1),0))))) -> 16 | BB12: =IF($A12="",0,IF('Meta Diária'!M12<>"",'Meta Diária'!M12,IF(AND($C12=1,$A12>='Base de Dados'!$B$6),BT12,0))) -> 0 | BC12: =BC11+BB11 -> 0 | BD12: =IF($G12=1,IF(BC12<BE12-0.000000001,1,0),"") | BE12: =IF($G12=1,SUMIFS(BP$5:BP11,$G$5:$G11,1),"") | BF12: =IF($G12=1,IF(AND($E12>=1,($F12-0)>0),IF(BD12=1,ROUNDUP(ROUND((MAX($BB$3-BC12,0)-(0))/($F12-0),6),0),ROUND((MAX($BB$3-BC12,0)-(0))/($F12-0),0)),0),"") | BG12: =IF($G12=1,IF(AND($E12>=2,($F12-1)>0),IF(BD12=1,ROUNDUP(ROUND((MAX($BB$3-BC12,0)-(BF12))/($F12-1),6),0),ROUND((MAX($BB$3-BC12,0)-(BF12))/($F12-1),0)),0),"") | BH12: =IF($G12=1,IF(AND($E12>=3,($F12-2)>0),IF(BD12=1,ROUNDUP(ROUND((MAX($BB$3-BC12,0)-(BF12+BG12))/($F12-2),6),0),ROUND((MAX($BB$3-BC12,0)-(BF12+BG12))/($F12-2),0)),0),"") | BI12: =IF($G12=1,IF(AND($E12>=4,($F12-3)>0),IF(BD12=1,ROUNDUP(ROUND((MAX($BB$3-BC12,0)-(BF12+BG12+BH12))/($F12-3),6),0),ROUND((MAX($BB$3-BC12,0)-(BF12+BG12+BH12))/($F12-3),0)),0),"") | BJ12: =IF($G12=1,IF(AND($E12>=5,($F12-4)>0),IF(BD12=1,ROUNDUP(ROUND((MAX($BB$3-BC12,0)-(BF12+BG12+BH12+BI12))/($F12-4),6),0),ROUND((MAX($BB$3-BC12,0)-(BF12+BG12+BH12+BI12))/($F12-4),0)),0),"") | BK12: =IF($G12=1,IF(AND($E12>=1,($F12-0)>0),ROUND((($BB$3-BE12)-(0))/($F12-0),0),0),"") | BL12: =IF($G12=1,IF(AND($E12>=2,($F12-1)>0),ROUND((($BB$3-BE12)-(BK12))/($F12-1),0),0),"") | BM12: =IF($G12=1,IF(AND($E12>=3,($F12-2)>0),ROUND((($BB$3-BE12)-(BK12+BL12))/($F12-2),0),0),"") | BN12: =IF($G12=1,IF(AND($E12>=4,($F12-3)>0),ROUND((($BB$3-BE12)-(BK12+BL12+BM12))/($F12-3),0),0),"") | BO12: =IF($G12=1,IF(AND($E12>=5,($F12-4)>0),ROUND((($BB$3-BE12)-(BK12+BL12+BM12+BN12))/($F12-4),0),0),"") | BP12: =IF($A12="","",IF($G12=1,(BK12+BL12+BM12+BN12+BO12),BP11)) -> 25 | BQ12: =IF($A12="","",IF($G12=1,IF('Base de Dados'!$B$7="Sim",(BF12+BG12+BH12+BI12+BJ12),MAX(BP12,(BF12+BG12+BH12+BI12+BJ12))),BQ11)) -> 30 | BR12: =IF($A12="","",IF($G12=1,BP12,BR11-N(BS11))) -> 15 | BS12: =IF($C12=1,ROUND(BR12/($E12-$D12+1),0),"") -> 5 | BT12: =IF($C12<>1,"",IF('Base de Dados'!$B$7="Sim",IF(SUMIFS(BB$5:BB11,$B$5:$B11,$B12)<SUMIFS(BS$5:BS11,$B$5:$B11,$B12)-0.000000001,ROUNDUP(ROUND(MAX(BQ12-SUMIFS(BB$5:BB11,$B$5:$B11,$B12),0)/($E12-$D12+1),6),0),ROUND(MAX(BQ12-SUMIFS(BB$5:BB11,$B$5:$B11,$B12),0)/($E12-$D12+1),0)),MAX(BS12,IF(SUMIFS(BB$5:BB11,$B$5:$B11,$B12)<SUMIFS(BS$5:BS11,$B$5:$B11,$B12)-0.000000001,ROUNDUP(ROUND(MAX(BQ12-SUMIFS(BB$5:BB11,$B$5:$B11,$B12),0)/($E12-$D12+1),6),0),ROUND(MAX(BQ12-SUMIFS(BB$5:BB11,$B$5:$B11,$B12),0)/($E12-$D12+1),0))))) -> 10 | BU12: =IF($A12="",0,IF('Meta Diária'!O12<>"",'Meta Diária'!O12,IF(AND($C12=1,$A12>='Base de Dados'!$B$6),CM12,0))) -> 0 | BV12: =BV11+BU11 -> 0 | BW12: =IF($G12=1,IF(BV12<BX12-0.000000001,1,0),"") | BX12: =IF($G12=1,SUMIFS(CI$5:CI11,$G$5:$G11,1),"") | BY12: =IF($G12=1,IF(AND($E12>=1,($F12-0)>0),IF(BW12=1,ROUNDUP(ROUND((MAX($BU$3-BV12,0)-(0))/($F12-0),6),0),ROUND((MAX($BU$3-BV12,0)-(0))/($F12-0),0)),0),"") | BZ12: =IF($G12=1,IF(AND($E12>=2,($F12-1)>0),IF(BW12=1,ROUNDUP(ROUND((MAX($BU$3-BV12,0)-(BY12))/($F12-1),6),0),ROUND((MAX($BU$3-BV12,0)-(BY12))/($F12-1),0)),0),"") | CA12: =IF($G12=1,IF(AND($E12>=3,($F12-2)>0),IF(BW12=1,ROUNDUP(ROUND((MAX($BU$3-BV12,0)-(BY12+BZ12))/($F12-2),6),0),ROUND((MAX($BU$3-BV12,0)-(BY12+BZ12))/($F12-2),0)),0),"") | CB12: =IF($G12=1,IF(AND($E12>=4,($F12-3)>0),IF(BW12=1,ROUNDUP(ROUND((MAX($BU$3-BV12,0)-(BY12+BZ12+CA12))/($F12-3),6),0),ROUND((MAX($BU$3-BV12,0)-(BY12+BZ12+CA12))/($F12-3),0)),0),"") | CC12: =IF($G12=1,IF(AND($E12>=5,($F12-4)>0),IF(BW12=1,ROUNDUP(ROUND((MAX($BU$3-BV12,0)-(BY12+BZ12+CA12+CB12))/($F12-4),6),0),ROUND((MAX($BU$3-BV12,0)-(BY12+BZ12+CA12+CB12))/($F12-4),0)),0),"") | CD12: =IF($G12=1,IF(AND($E12>=1,($F12-0)>0),ROUND((($BU$3-BX12)-(0))/($F12-0),0),0),"") | CE12: =IF($G12=1,IF(AND($E12>=2,($F12-1)>0),ROUND((($BU$3-BX12)-(CD12))/($F12-1),0),0),"") | CF12: =IF($G12=1,IF(AND($E12>=3,($F12-2)>0),ROUND((($BU$3-BX12)-(CD12+CE12))/($F12-2),0),0),"") | CG12: =IF($G12=1,IF(AND($E12>=4,($F12-3)>0),ROUND((($BU$3-BX12)-(CD12+CE12+CF12))/($F12-3),0),0),"") | CH12: =IF($G12=1,IF(AND($E12>=5,($F12-4)>0),ROUND((($BU$3-BX12)-(CD12+CE12+CF12+CG12))/($F12-4),0),0),"") | CI12: =IF($A12="","",IF($G12=1,(CD12+CE12+CF12+CG12+CH12),CI11)) -> 7 | CJ12: =IF($A12="","",IF($G12=1,IF('Base de Dados'!$B$7="Sim",(BY12+BZ12+CA12+CB12+CC12),MAX(CI12,(BY12+BZ12+CA12+CB12+CC12))),CJ11)) -> 10 | CK12: =IF($A12="","",IF($G12=1,CI12,CK11-N(CL11))) -> 4 | CL12: =IF($C12=1,ROUND(CK12/($E12-$D12+1),0),"") -> 1 | CM12: =IF($C12<>1,"",IF('Base de Dados'!$B$7="Sim",IF(SUMIFS(BU$5:BU11,$B$5:$B11,$B12)<SUMIFS(CL$5:CL11,$B$5:$B11,$B12)-0.000000001,ROUNDUP(ROUND(MAX(CJ12-SUMIFS(BU$5:BU11,$B$5:$B11,$B12),0)/($E12-$D12+1),6),0),ROUND(MAX(CJ12-SUMIFS(BU$5:BU11,$B$5:$B11,$B12),0)/($E12-$D12+1),0)),MAX(CL12,IF(SUMIFS(BU$5:BU11,$B$5:$B11,$B12)<SUMIFS(CL$5:CL11,$B$5:$B11,$B12)-0.000000001,ROUNDUP(ROUND(MAX(CJ12-SUMIFS(BU$5:BU11,$B$5:$B11,$B12),0)/($E12-$D12+1),6),0),ROUND(MAX(CJ12-SUMIFS(BU$5:BU11,$B$5:$B11,$B12),0)/($E12-$D12+1),0))))) -> 4
A13: =IF($E$2+7<=EOMONTH($E$2,0),$E$2+7,"") -> 46303 | B13: =IF(A13="","",IF(COUNTIFS(H$6:H$36,H13,C$6:C$36,1)=0,"",IF(H13=H12,B12,1+MAX(B$5:B12)))) -> 2 | C13: =IF(A13="",0,IF(AND(WEEKDAY(A13,2)<=5,COUNTIF(Folgas!$A$5:$A$300,A13)=0),1,0)) -> 1 | D13: =IF(C13=1,COUNTIFS(B$6:B13,B13,C$6:C13,1),0) -> 4 | E13: =IF(OR(A13="",B13=""),0,COUNTIFS(B$6:B$36,B13,C$6:C$36,1)) -> 5 | F13: =IF(OR(A13="",B13=""),0,COUNTIFS(B$6:B$36,">="&B13,C$6:C$36,1)) -> 19 | G13: =IF(OR(A13="",B13=""),0,IF(B13=B12,0,1)) -> 0 | H13: =IF(A13="","",INT((A13-$E$3)/7)+1) -> 2 | J13: =IF($A13="",0,IF('Meta Diária'!G13<>"",'Meta Diária'!G13,IF(AND($C13=1,$A13>='Base de Dados'!$B$6),O13,0))) -> 0 | K13: =K12+J12 -> 0 | L13: =IF($A13="","",IF($G13=1,IF($B$2=0,0,$J$3*$E13/$B$2),L12)) -> 7142.8571 | M13: =IF($A13="","",IF($G13=1,IF('Base de Dados'!$B$7="Sim",IF($F13=0,0,MAX($J$3-K13,0)*$E13/$F13),MAX(L13,IF($F13=0,0,MAX($J$3-K13,0)*$E13/$F13))),M12)) -> 7894.7368 | N13: =IF($C13=1,M13/$E13,"") -> 1578.9474 | O13: =IF($C13<>1,"",IF('Base de Dados'!$B$7="Sim",MAX(M13-SUMIFS(J$5:J12,$B$5:$B12,$B13),0)/($E13-$D13+1),MAX(N13,MAX(M13-SUMIFS(J$5:J12,$B$5:$B12,$B13),0)/($E13-$D13+1)))) -> 3947.3684 | P13: =IF($A13="",0,IF('Meta Diária'!I13<>"",'Meta Diária'!I13,IF(AND($C13=1,$A13>='Base de Dados'!$B$6),AH13,0))) -> 0 | Q13: =Q12+P12 -> 0 | R13: =IF($G13=1,IF(Q13<S13-0.000000001,1,0),"") | S13: =IF($G13=1,SUMIFS(AD$5:AD12,$G$5:$G12,1),"") | T13: =IF($G13=1,IF(AND($E13>=1,($F13-0)>0),IF(R13=1,ROUNDUP(ROUND((MAX($P$3-Q13,0)-(0))/($F13-0),6),0),ROUND((MAX($P$3-Q13,0)-(0))/($F13-0),0)),0),"") | U13: =IF($G13=1,IF(AND($E13>=2,($F13-1)>0),IF(R13=1,ROUNDUP(ROUND((MAX($P$3-Q13,0)-(T13))/($F13-1),6),0),ROUND((MAX($P$3-Q13,0)-(T13))/($F13-1),0)),0),"") | V13: =IF($G13=1,IF(AND($E13>=3,($F13-2)>0),IF(R13=1,ROUNDUP(ROUND((MAX($P$3-Q13,0)-(T13+U13))/($F13-2),6),0),ROUND((MAX($P$3-Q13,0)-(T13+U13))/($F13-2),0)),0),"") | W13: =IF($G13=1,IF(AND($E13>=4,($F13-3)>0),IF(R13=1,ROUNDUP(ROUND((MAX($P$3-Q13,0)-(T13+U13+V13))/($F13-3),6),0),ROUND((MAX($P$3-Q13,0)-(T13+U13+V13))/($F13-3),0)),0),"") | X13: =IF($G13=1,IF(AND($E13>=5,($F13-4)>0),IF(R13=1,ROUNDUP(ROUND((MAX($P$3-Q13,0)-(T13+U13+V13+W13))/($F13-4),6),0),ROUND((MAX($P$3-Q13,0)-(T13+U13+V13+W13))/($F13-4),0)),0),"") | Y13: =IF($G13=1,IF(AND($E13>=1,($F13-0)>0),ROUND((($P$3-S13)-(0))/($F13-0),0),0),"") | Z13: =IF($G13=1,IF(AND($E13>=2,($F13-1)>0),ROUND((($P$3-S13)-(Y13))/($F13-1),0),0),"") | AA13: =IF($G13=1,IF(AND($E13>=3,($F13-2)>0),ROUND((($P$3-S13)-(Y13+Z13))/($F13-2),0),0),"") | AB13: =IF($G13=1,IF(AND($E13>=4,($F13-3)>0),ROUND((($P$3-S13)-(Y13+Z13+AA13))/($F13-3),0),0),"") | AC13: =IF($G13=1,IF(AND($E13>=5,($F13-4)>0),ROUND((($P$3-S13)-(Y13+Z13+AA13+AB13))/($F13-4),0),0),"") | AD13: =IF($A13="","",IF($G13=1,(Y13+Z13+AA13+AB13+AC13),AD12)) -> 205 | AE13: =IF($A13="","",IF($G13=1,IF('Base de Dados'!$B$7="Sim",(T13+U13+V13+W13+X13),MAX(AD13,(T13+U13+V13+W13+X13))),AE12)) -> 228 | AF13: =IF($A13="","",IF($G13=1,AD13,AF12-N(AG12))) -> 82 | AG13: =IF($C13=1,ROUND(AF13/($E13-$D13+1),0),"") -> 41 | AH13: =IF($C13<>1,"",IF('Base de Dados'!$B$7="Sim",IF(SUMIFS(P$5:P12,$B$5:$B12,$B13)<SUMIFS(AG$5:AG12,$B$5:$B12,$B13)-0.000000001,ROUNDUP(ROUND(MAX(AE13-SUMIFS(P$5:P12,$B$5:$B12,$B13),0)/($E13-$D13+1),6),0),ROUND(MAX(AE13-SUMIFS(P$5:P12,$B$5:$B12,$B13),0)/($E13-$D13+1),0)),MAX(AG13,IF(SUMIFS(P$5:P12,$B$5:$B12,$B13)<SUMIFS(AG$5:AG12,$B$5:$B12,$B13)-0.000000001,ROUNDUP(ROUND(MAX(AE13-SUMIFS(P$5:P12,$B$5:$B12,$B13),0)/($E13-$D13+1),6),0),ROUND(MAX(AE13-SUMIFS(P$5:P12,$B$5:$B12,$B13),0)/($E13-$D13+1),0))))) -> 114 | AI13: =IF($A13="",0,IF('Meta Diária'!K13<>"",'Meta Diária'!K13,IF(AND($C13=1,$A13>='Base de Dados'!$B$6),BA13,0))) -> 0 | AJ13: =AJ12+AI12 -> 0 | AK13: =IF($G13=1,IF(AJ13<AL13-0.000000001,1,0),"") | AL13: =IF($G13=1,SUMIFS(AW$5:AW12,$G$5:$G12,1),"") | AM13: =IF($G13=1,IF(AND($E13>=1,($F13-0)>0),IF(AK13=1,ROUNDUP(ROUND((MAX($AI$3-AJ13,0)-(0))/($F13-0),6),0),ROUND((MAX($AI$3-AJ13,0)-(0))/($F13-0),0)),0),"") | AN13: =IF($G13=1,IF(AND($E13>=2,($F13-1)>0),IF(AK13=1,ROUNDUP(ROUND((MAX($AI$3-AJ13,0)-(AM13))/($F13-1),6),0),ROUND((MAX($AI$3-AJ13,0)-(AM13))/($F13-1),0)),0),"") | AO13: =IF($G13=1,IF(AND($E13>=3,($F13-2)>0),IF(AK13=1,ROUNDUP(ROUND((MAX($AI$3-AJ13,0)-(AM13+AN13))/($F13-2),6),0),ROUND((MAX($AI$3-AJ13,0)-(AM13+AN13))/($F13-2),0)),0),"") | AP13: =IF($G13=1,IF(AND($E13>=4,($F13-3)>0),IF(AK13=1,ROUNDUP(ROUND((MAX($AI$3-AJ13,0)-(AM13+AN13+AO13))/($F13-3),6),0),ROUND((MAX($AI$3-AJ13,0)-(AM13+AN13+AO13))/($F13-3),0)),0),"") | AQ13: =IF($G13=1,IF(AND($E13>=5,($F13-4)>0),IF(AK13=1,ROUNDUP(ROUND((MAX($AI$3-AJ13,0)-(AM13+AN13+AO13+AP13))/($F13-4),6),0),ROUND((MAX($AI$3-AJ13,0)-(AM13+AN13+AO13+AP13))/($F13-4),0)),0),"") | AR13: =IF($G13=1,IF(AND($E13>=1,($F13-0)>0),ROUND((($AI$3-AL13)-(0))/($F13-0),0),0),"") | AS13: =IF($G13=1,IF(AND($E13>=2,($F13-1)>0),ROUND((($AI$3-AL13)-(AR13))/($F13-1),0),0),"") | AT13: =IF($G13=1,IF(AND($E13>=3,($F13-2)>0),ROUND((($AI$3-AL13)-(AR13+AS13))/($F13-2),0),0),"") | AU13: =IF($G13=1,IF(AND($E13>=4,($F13-3)>0),ROUND((($AI$3-AL13)-(AR13+AS13+AT13))/($F13-3),0),0),"") | AV13: =IF($G13=1,IF(AND($E13>=5,($F13-4)>0),ROUND((($AI$3-AL13)-(AR13+AS13+AT13+AU13))/($F13-4),0),0),"") | AW13: =IF($A13="","",IF($G13=1,(AR13+AS13+AT13+AU13+AV13),AW12)) -> 40 | AX13: =IF($A13="","",IF($G13=1,IF('Base de Dados'!$B$7="Sim",(AM13+AN13+AO13+AP13+AQ13),MAX(AW13,(AM13+AN13+AO13+AP13+AQ13))),AX12)) -> 46 | AY13: =IF($A13="","",IF($G13=1,AW13,AY12-N(AZ12))) -> 16 | AZ13: =IF($C13=1,ROUND(AY13/($E13-$D13+1),0),"") -> 8 | BA13: =IF($C13<>1,"",IF('Base de Dados'!$B$7="Sim",IF(SUMIFS(AI$5:AI12,$B$5:$B12,$B13)<SUMIFS(AZ$5:AZ12,$B$5:$B12,$B13)-0.000000001,ROUNDUP(ROUND(MAX(AX13-SUMIFS(AI$5:AI12,$B$5:$B12,$B13),0)/($E13-$D13+1),6),0),ROUND(MAX(AX13-SUMIFS(AI$5:AI12,$B$5:$B12,$B13),0)/($E13-$D13+1),0)),MAX(AZ13,IF(SUMIFS(AI$5:AI12,$B$5:$B12,$B13)<SUMIFS(AZ$5:AZ12,$B$5:$B12,$B13)-0.000000001,ROUNDUP(ROUND(MAX(AX13-SUMIFS(AI$5:AI12,$B$5:$B12,$B13),0)/($E13-$D13+1),6),0),ROUND(MAX(AX13-SUMIFS(AI$5:AI12,$B$5:$B12,$B13),0)/($E13-$D13+1),0))))) -> 23 | BB13: =IF($A13="",0,IF('Meta Diária'!M13<>"",'Meta Diária'!M13,IF(AND($C13=1,$A13>='Base de Dados'!$B$6),BT13,0))) -> 0 | BC13: =BC12+BB12 -> 0 | BD13: =IF($G13=1,IF(BC13<BE13-0.000000001,1,0),"") | BE13: =IF($G13=1,SUMIFS(BP$5:BP12,$G$5:$G12,1),"") | BF13: =IF($G13=1,IF(AND($E13>=1,($F13-0)>0),IF(BD13=1,ROUNDUP(ROUND((MAX($BB$3-BC13,0)-(0))/($F13-0),6),0),ROUND((MAX($BB$3-BC13,0)-(0))/($F13-0),0)),0),"") | BG13: =IF($G13=1,IF(AND($E13>=2,($F13-1)>0),IF(BD13=1,ROUNDUP(ROUND((MAX($BB$3-BC13,0)-(BF13))/($F13-1),6),0),ROUND((MAX($BB$3-BC13,0)-(BF13))/($F13-1),0)),0),"") | BH13: =IF($G13=1,IF(AND($E13>=3,($F13-2)>0),IF(BD13=1,ROUNDUP(ROUND((MAX($BB$3-BC13,0)-(BF13+BG13))/($F13-2),6),0),ROUND((MAX($BB$3-BC13,0)-(BF13+BG13))/($F13-2),0)),0),"") | BI13: =IF($G13=1,IF(AND($E13>=4,($F13-3)>0),IF(BD13=1,ROUNDUP(ROUND((MAX($BB$3-BC13,0)-(BF13+BG13+BH13))/($F13-3),6),0),ROUND((MAX($BB$3-BC13,0)-(BF13+BG13+BH13))/($F13-3),0)),0),"") | BJ13: =IF($G13=1,IF(AND($E13>=5,($F13-4)>0),IF(BD13=1,ROUNDUP(ROUND((MAX($BB$3-BC13,0)-(BF13+BG13+BH13+BI13))/($F13-4),6),0),ROUND((MAX($BB$3-BC13,0)-(BF13+BG13+BH13+BI13))/($F13-4),0)),0),"") | BK13: =IF($G13=1,IF(AND($E13>=1,($F13-0)>0),ROUND((($BB$3-BE13)-(0))/($F13-0),0),0),"") | BL13: =IF($G13=1,IF(AND($E13>=2,($F13-1)>0),ROUND((($BB$3-BE13)-(BK13))/($F13-1),0),0),"") | BM13: =IF($G13=1,IF(AND($E13>=3,($F13-2)>0),ROUND((($BB$3-BE13)-(BK13+BL13))/($F13-2),0),0),"") | BN13: =IF($G13=1,IF(AND($E13>=4,($F13-3)>0),ROUND((($BB$3-BE13)-(BK13+BL13+BM13))/($F13-3),0),0),"") | BO13: =IF($G13=1,IF(AND($E13>=5,($F13-4)>0),ROUND((($BB$3-BE13)-(BK13+BL13+BM13+BN13))/($F13-4),0),0),"") | BP13: =IF($A13="","",IF($G13=1,(BK13+BL13+BM13+BN13+BO13),BP12)) -> 25 | BQ13: =IF($A13="","",IF($G13=1,IF('Base de Dados'!$B$7="Sim",(BF13+BG13+BH13+BI13+BJ13),MAX(BP13,(BF13+BG13+BH13+BI13+BJ13))),BQ12)) -> 30 | BR13: =IF($A13="","",IF($G13=1,BP13,BR12-N(BS12))) -> 10 | BS13: =IF($C13=1,ROUND(BR13/($E13-$D13+1),0),"") -> 5 | BT13: =IF($C13<>1,"",IF('Base de Dados'!$B$7="Sim",IF(SUMIFS(BB$5:BB12,$B$5:$B12,$B13)<SUMIFS(BS$5:BS12,$B$5:$B12,$B13)-0.000000001,ROUNDUP(ROUND(MAX(BQ13-SUMIFS(BB$5:BB12,$B$5:$B12,$B13),0)/($E13-$D13+1),6),0),ROUND(MAX(BQ13-SUMIFS(BB$5:BB12,$B$5:$B12,$B13),0)/($E13-$D13+1),0)),MAX(BS13,IF(SUMIFS(BB$5:BB12,$B$5:$B12,$B13)<SUMIFS(BS$5:BS12,$B$5:$B12,$B13)-0.000000001,ROUNDUP(ROUND(MAX(BQ13-SUMIFS(BB$5:BB12,$B$5:$B12,$B13),0)/($E13-$D13+1),6),0),ROUND(MAX(BQ13-SUMIFS(BB$5:BB12,$B$5:$B12,$B13),0)/($E13-$D13+1),0))))) -> 15 | BU13: =IF($A13="",0,IF('Meta Diária'!O13<>"",'Meta Diária'!O13,IF(AND($C13=1,$A13>='Base de Dados'!$B$6),CM13,0))) -> 0 | BV13: =BV12+BU12 -> 0 | BW13: =IF($G13=1,IF(BV13<BX13-0.000000001,1,0),"") | BX13: =IF($G13=1,SUMIFS(CI$5:CI12,$G$5:$G12,1),"") | BY13: =IF($G13=1,IF(AND($E13>=1,($F13-0)>0),IF(BW13=1,ROUNDUP(ROUND((MAX($BU$3-BV13,0)-(0))/($F13-0),6),0),ROUND((MAX($BU$3-BV13,0)-(0))/($F13-0),0)),0),"") | BZ13: =IF($G13=1,IF(AND($E13>=2,($F13-1)>0),IF(BW13=1,ROUNDUP(ROUND((MAX($BU$3-BV13,0)-(BY13))/($F13-1),6),0),ROUND((MAX($BU$3-BV13,0)-(BY13))/($F13-1),0)),0),"") | CA13: =IF($G13=1,IF(AND($E13>=3,($F13-2)>0),IF(BW13=1,ROUNDUP(ROUND((MAX($BU$3-BV13,0)-(BY13+BZ13))/($F13-2),6),0),ROUND((MAX($BU$3-BV13,0)-(BY13+BZ13))/($F13-2),0)),0),"") | CB13: =IF($G13=1,IF(AND($E13>=4,($F13-3)>0),IF(BW13=1,ROUNDUP(ROUND((MAX($BU$3-BV13,0)-(BY13+BZ13+CA13))/($F13-3),6),0),ROUND((MAX($BU$3-BV13,0)-(BY13+BZ13+CA13))/($F13-3),0)),0),"") | CC13: =IF($G13=1,IF(AND($E13>=5,($F13-4)>0),IF(BW13=1,ROUNDUP(ROUND((MAX($BU$3-BV13,0)-(BY13+BZ13+CA13+CB13))/($F13-4),6),0),ROUND((MAX($BU$3-BV13,0)-(BY13+BZ13+CA13+CB13))/($F13-4),0)),0),"") | CD13: =IF($G13=1,IF(AND($E13>=1,($F13-0)>0),ROUND((($BU$3-BX13)-(0))/($F13-0),0),0),"") | CE13: =IF($G13=1,IF(AND($E13>=2,($F13-1)>0),ROUND((($BU$3-BX13)-(CD13))/($F13-1),0),0),"") | CF13: =IF($G13=1,IF(AND($E13>=3,($F13-2)>0),ROUND((($BU$3-BX13)-(CD13+CE13))/($F13-2),0),0),"") | CG13: =IF($G13=1,IF(AND($E13>=4,($F13-3)>0),ROUND((($BU$3-BX13)-(CD13+CE13+CF13))/($F13-3),0),0),"") | CH13: =IF($G13=1,IF(AND($E13>=5,($F13-4)>0),ROUND((($BU$3-BX13)-(CD13+CE13+CF13+CG13))/($F13-4),0),0),"") | CI13: =IF($A13="","",IF($G13=1,(CD13+CE13+CF13+CG13+CH13),CI12)) -> 7 | CJ13: =IF($A13="","",IF($G13=1,IF('Base de Dados'!$B$7="Sim",(BY13+BZ13+CA13+CB13+CC13),MAX(CI13,(BY13+BZ13+CA13+CB13+CC13))),CJ12)) -> 10 | CK13: =IF($A13="","",IF($G13=1,CI13,CK12-N(CL12))) -> 3 | CL13: =IF($C13=1,ROUND(CK13/($E13-$D13+1),0),"") -> 2 | CM13: =IF($C13<>1,"",IF('Base de Dados'!$B$7="Sim",IF(SUMIFS(BU$5:BU12,$B$5:$B12,$B13)<SUMIFS(CL$5:CL12,$B$5:$B12,$B13)-0.000000001,ROUNDUP(ROUND(MAX(CJ13-SUMIFS(BU$5:BU12,$B$5:$B12,$B13),0)/($E13-$D13+1),6),0),ROUND(MAX(CJ13-SUMIFS(BU$5:BU12,$B$5:$B12,$B13),0)/($E13-$D13+1),0)),MAX(CL13,IF(SUMIFS(BU$5:BU12,$B$5:$B12,$B13)<SUMIFS(CL$5:CL12,$B$5:$B12,$B13)-0.000000001,ROUNDUP(ROUND(MAX(CJ13-SUMIFS(BU$5:BU12,$B$5:$B12,$B13),0)/($E13-$D13+1),6),0),ROUND(MAX(CJ13-SUMIFS(BU$5:BU12,$B$5:$B12,$B13),0)/($E13-$D13+1),0))))) -> 5
A14: =IF($E$2+8<=EOMONTH($E$2,0),$E$2+8,"") -> 46304 | B14: =IF(A14="","",IF(COUNTIFS(H$6:H$36,H14,C$6:C$36,1)=0,"",IF(H14=H13,B13,1+MAX(B$5:B13)))) -> 2 | C14: =IF(A14="",0,IF(AND(WEEKDAY(A14,2)<=5,COUNTIF(Folgas!$A$5:$A$300,A14)=0),1,0)) -> 1 | D14: =IF(C14=1,COUNTIFS(B$6:B14,B14,C$6:C14,1),0) -> 5 | E14: =IF(OR(A14="",B14=""),0,COUNTIFS(B$6:B$36,B14,C$6:C$36,1)) -> 5 | F14: =IF(OR(A14="",B14=""),0,COUNTIFS(B$6:B$36,">="&B14,C$6:C$36,1)) -> 19 | G14: =IF(OR(A14="",B14=""),0,IF(B14=B13,0,1)) -> 0 | H14: =IF(A14="","",INT((A14-$E$3)/7)+1) -> 2 | J14: =IF($A14="",0,IF('Meta Diária'!G14<>"",'Meta Diária'!G14,IF(AND($C14=1,$A14>='Base de Dados'!$B$6),O14,0))) -> 0 | K14: =K13+J13 -> 0 | L14: =IF($A14="","",IF($G14=1,IF($B$2=0,0,$J$3*$E14/$B$2),L13)) -> 7142.8571 | M14: =IF($A14="","",IF($G14=1,IF('Base de Dados'!$B$7="Sim",IF($F14=0,0,MAX($J$3-K14,0)*$E14/$F14),MAX(L14,IF($F14=0,0,MAX($J$3-K14,0)*$E14/$F14))),M13)) -> 7894.7368 | N14: =IF($C14=1,M14/$E14,"") -> 1578.9474 | O14: =IF($C14<>1,"",IF('Base de Dados'!$B$7="Sim",MAX(M14-SUMIFS(J$5:J13,$B$5:$B13,$B14),0)/($E14-$D14+1),MAX(N14,MAX(M14-SUMIFS(J$5:J13,$B$5:$B13,$B14),0)/($E14-$D14+1)))) -> 7894.7368 | P14: =IF($A14="",0,IF('Meta Diária'!I14<>"",'Meta Diária'!I14,IF(AND($C14=1,$A14>='Base de Dados'!$B$6),AH14,0))) -> 0 | Q14: =Q13+P13 -> 0 | R14: =IF($G14=1,IF(Q14<S14-0.000000001,1,0),"") | S14: =IF($G14=1,SUMIFS(AD$5:AD13,$G$5:$G13,1),"") | T14: =IF($G14=1,IF(AND($E14>=1,($F14-0)>0),IF(R14=1,ROUNDUP(ROUND((MAX($P$3-Q14,0)-(0))/($F14-0),6),0),ROUND((MAX($P$3-Q14,0)-(0))/($F14-0),0)),0),"") | U14: =IF($G14=1,IF(AND($E14>=2,($F14-1)>0),IF(R14=1,ROUNDUP(ROUND((MAX($P$3-Q14,0)-(T14))/($F14-1),6),0),ROUND((MAX($P$3-Q14,0)-(T14))/($F14-1),0)),0),"") | V14: =IF($G14=1,IF(AND($E14>=3,($F14-2)>0),IF(R14=1,ROUNDUP(ROUND((MAX($P$3-Q14,0)-(T14+U14))/($F14-2),6),0),ROUND((MAX($P$3-Q14,0)-(T14+U14))/($F14-2),0)),0),"") | W14: =IF($G14=1,IF(AND($E14>=4,($F14-3)>0),IF(R14=1,ROUNDUP(ROUND((MAX($P$3-Q14,0)-(T14+U14+V14))/($F14-3),6),0),ROUND((MAX($P$3-Q14,0)-(T14+U14+V14))/($F14-3),0)),0),"") | X14: =IF($G14=1,IF(AND($E14>=5,($F14-4)>0),IF(R14=1,ROUNDUP(ROUND((MAX($P$3-Q14,0)-(T14+U14+V14+W14))/($F14-4),6),0),ROUND((MAX($P$3-Q14,0)-(T14+U14+V14+W14))/($F14-4),0)),0),"") | Y14: =IF($G14=1,IF(AND($E14>=1,($F14-0)>0),ROUND((($P$3-S14)-(0))/($F14-0),0),0),"") | Z14: =IF($G14=1,IF(AND($E14>=2,($F14-1)>0),ROUND((($P$3-S14)-(Y14))/($F14-1),0),0),"") | AA14: =IF($G14=1,IF(AND($E14>=3,($F14-2)>0),ROUND((($P$3-S14)-(Y14+Z14))/($F14-2),0),0),"") | AB14: =IF($G14=1,IF(AND($E14>=4,($F14-3)>0),ROUND((($P$3-S14)-(Y14+Z14+AA14))/($F14-3),0),0),"") | AC14: =IF($G14=1,IF(AND($E14>=5,($F14-4)>0),ROUND((($P$3-S14)-(Y14+Z14+AA14+AB14))/($F14-4),0),0),"") | AD14: =IF($A14="","",IF($G14=1,(Y14+Z14+AA14+AB14+AC14),AD13)) -> 205 | AE14: =IF($A14="","",IF($G14=1,IF('Base de Dados'!$B$7="Sim",(T14+U14+V14+W14+X14),MAX(AD14,(T14+U14+V14+W14+X14))),AE13)) -> 228 | AF14: =IF($A14="","",IF($G14=1,AD14,AF13-N(AG13))) -> 41 | AG14: =IF($C14=1,ROUND(AF14/($E14-$D14+1),0),"") -> 41 | AH14: =IF($C14<>1,"",IF('Base de Dados'!$B$7="Sim",IF(SUMIFS(P$5:P13,$B$5:$B13,$B14)<SUMIFS(AG$5:AG13,$B$5:$B13,$B14)-0.000000001,ROUNDUP(ROUND(MAX(AE14-SUMIFS(P$5:P13,$B$5:$B13,$B14),0)/($E14-$D14+1),6),0),ROUND(MAX(AE14-SUMIFS(P$5:P13,$B$5:$B13,$B14),0)/($E14-$D14+1),0)),MAX(AG14,IF(SUMIFS(P$5:P13,$B$5:$B13,$B14)<SUMIFS(AG$5:AG13,$B$5:$B13,$B14)-0.000000001,ROUNDUP(ROUND(MAX(AE14-SUMIFS(P$5:P13,$B$5:$B13,$B14),0)/($E14-$D14+1),6),0),ROUND(MAX(AE14-SUMIFS(P$5:P13,$B$5:$B13,$B14),0)/($E14-$D14+1),0))))) -> 228 | AI14: =IF($A14="",0,IF('Meta Diária'!K14<>"",'Meta Diária'!K14,IF(AND($C14=1,$A14>='Base de Dados'!$B$6),BA14,0))) -> 0 | AJ14: =AJ13+AI13 -> 0 | AK14: =IF($G14=1,IF(AJ14<AL14-0.000000001,1,0),"") | AL14: =IF($G14=1,SUMIFS(AW$5:AW13,$G$5:$G13,1),"") | AM14: =IF($G14=1,IF(AND($E14>=1,($F14-0)>0),IF(AK14=1,ROUNDUP(ROUND((MAX($AI$3-AJ14,0)-(0))/($F14-0),6),0),ROUND((MAX($AI$3-AJ14,0)-(0))/($F14-0),0)),0),"") | AN14: =IF($G14=1,IF(AND($E14>=2,($F14-1)>0),IF(AK14=1,ROUNDUP(ROUND((MAX($AI$3-AJ14,0)-(AM14))/($F14-1),6),0),ROUND((MAX($AI$3-AJ14,0)-(AM14))/($F14-1),0)),0),"") | AO14: =IF($G14=1,IF(AND($E14>=3,($F14-2)>0),IF(AK14=1,ROUNDUP(ROUND((MAX($AI$3-AJ14,0)-(AM14+AN14))/($F14-2),6),0),ROUND((MAX($AI$3-AJ14,0)-(AM14+AN14))/($F14-2),0)),0),"") | AP14: =IF($G14=1,IF(AND($E14>=4,($F14-3)>0),IF(AK14=1,ROUNDUP(ROUND((MAX($AI$3-AJ14,0)-(AM14+AN14+AO14))/($F14-3),6),0),ROUND((MAX($AI$3-AJ14,0)-(AM14+AN14+AO14))/($F14-3),0)),0),"") | AQ14: =IF($G14=1,IF(AND($E14>=5,($F14-4)>0),IF(AK14=1,ROUNDUP(ROUND((MAX($AI$3-AJ14,0)-(AM14+AN14+AO14+AP14))/($F14-4),6),0),ROUND((MAX($AI$3-AJ14,0)-(AM14+AN14+AO14+AP14))/($F14-4),0)),0),"") | AR14: =IF($G14=1,IF(AND($E14>=1,($F14-0)>0),ROUND((($AI$3-AL14)-(0))/($F14-0),0),0),"") | AS14: =IF($G14=1,IF(AND($E14>=2,($F14-1)>0),ROUND((($AI$3-AL14)-(AR14))/($F14-1),0),0),"") | AT14: =IF($G14=1,IF(AND($E14>=3,($F14-2)>0),ROUND((($AI$3-AL14)-(AR14+AS14))/($F14-2),0),0),"") | AU14: =IF($G14=1,IF(AND($E14>=4,($F14-3)>0),ROUND((($AI$3-AL14)-(AR14+AS14+AT14))/($F14-3),0),0),"") | AV14: =IF($G14=1,IF(AND($E14>=5,($F14-4)>0),ROUND((($AI$3-AL14)-(AR14+AS14+AT14+AU14))/($F14-4),0),0),"") | AW14: =IF($A14="","",IF($G14=1,(AR14+AS14+AT14+AU14+AV14),AW13)) -> 40 | AX14: =IF($A14="","",IF($G14=1,IF('Base de Dados'!$B$7="Sim",(AM14+AN14+AO14+AP14+AQ14),MAX(AW14,(AM14+AN14+AO14+AP14+AQ14))),AX13)) -> 46 | AY14: =IF($A14="","",IF($G14=1,AW14,AY13-N(AZ13))) -> 8 | AZ14: =IF($C14=1,ROUND(AY14/($E14-$D14+1),0),"") -> 8 | BA14: =IF($C14<>1,"",IF('Base de Dados'!$B$7="Sim",IF(SUMIFS(AI$5:AI13,$B$5:$B13,$B14)<SUMIFS(AZ$5:AZ13,$B$5:$B13,$B14)-0.000000001,ROUNDUP(ROUND(MAX(AX14-SUMIFS(AI$5:AI13,$B$5:$B13,$B14),0)/($E14-$D14+1),6),0),ROUND(MAX(AX14-SUMIFS(AI$5:AI13,$B$5:$B13,$B14),0)/($E14-$D14+1),0)),MAX(AZ14,IF(SUMIFS(AI$5:AI13,$B$5:$B13,$B14)<SUMIFS(AZ$5:AZ13,$B$5:$B13,$B14)-0.000000001,ROUNDUP(ROUND(MAX(AX14-SUMIFS(AI$5:AI13,$B$5:$B13,$B14),0)/($E14-$D14+1),6),0),ROUND(MAX(AX14-SUMIFS(AI$5:AI13,$B$5:$B13,$B14),0)/($E14-$D14+1),0))))) -> 46 | BB14: =IF($A14="",0,IF('Meta Diária'!M14<>"",'Meta Diária'!M14,IF(AND($C14=1,$A14>='Base de Dados'!$B$6),BT14,0))) -> 0 | BC14: =BC13+BB13 -> 0 | BD14: =IF($G14=1,IF(BC14<BE14-0.000000001,1,0),"") | BE14: =IF($G14=1,SUMIFS(BP$5:BP13,$G$5:$G13,1),"") | BF14: =IF($G14=1,IF(AND($E14>=1,($F14-0)>0),IF(BD14=1,ROUNDUP(ROUND((MAX($BB$3-BC14,0)-(0))/($F14-0),6),0),ROUND((MAX($BB$3-BC14,0)-(0))/($F14-0),0)),0),"") | BG14: =IF($G14=1,IF(AND($E14>=2,($F14-1)>0),IF(BD14=1,ROUNDUP(ROUND((MAX($BB$3-BC14,0)-(BF14))/($F14-1),6),0),ROUND((MAX($BB$3-BC14,0)-(BF14))/($F14-1),0)),0),"") | BH14: =IF($G14=1,IF(AND($E14>=3,($F14-2)>0),IF(BD14=1,ROUNDUP(ROUND((MAX($BB$3-BC14,0)-(BF14+BG14))/($F14-2),6),0),ROUND((MAX($BB$3-BC14,0)-(BF14+BG14))/($F14-2),0)),0),"") | BI14: =IF($G14=1,IF(AND($E14>=4,($F14-3)>0),IF(BD14=1,ROUNDUP(ROUND((MAX($BB$3-BC14,0)-(BF14+BG14+BH14))/($F14-3),6),0),ROUND((MAX($BB$3-BC14,0)-(BF14+BG14+BH14))/($F14-3),0)),0),"") | BJ14: =IF($G14=1,IF(AND($E14>=5,($F14-4)>0),IF(BD14=1,ROUNDUP(ROUND((MAX($BB$3-BC14,0)-(BF14+BG14+BH14+BI14))/($F14-4),6),0),ROUND((MAX($BB$3-BC14,0)-(BF14+BG14+BH14+BI14))/($F14-4),0)),0),"") | BK14: =IF($G14=1,IF(AND($E14>=1,($F14-0)>0),ROUND((($BB$3-BE14)-(0))/($F14-0),0),0),"") | BL14: =IF($G14=1,IF(AND($E14>=2,($F14-1)>0),ROUND((($BB$3-BE14)-(BK14))/($F14-1),0),0),"") | BM14: =IF($G14=1,IF(AND($E14>=3,($F14-2)>0),ROUND((($BB$3-BE14)-(BK14+BL14))/($F14-2),0),0),"") | BN14: =IF($G14=1,IF(AND($E14>=4,($F14-3)>0),ROUND((($BB$3-BE14)-(BK14+BL14+BM14))/($F14-3),0),0),"") | BO14: =IF($G14=1,IF(AND($E14>=5,($F14-4)>0),ROUND((($BB$3-BE14)-(BK14+BL14+BM14+BN14))/($F14-4),0),0),"") | BP14: =IF($A14="","",IF($G14=1,(BK14+BL14+BM14+BN14+BO14),BP13)) -> 25 | BQ14: =IF($A14="","",IF($G14=1,IF('Base de Dados'!$B$7="Sim",(BF14+BG14+BH14+BI14+BJ14),MAX(BP14,(BF14+BG14+BH14+BI14+BJ14))),BQ13)) -> 30 | BR14: =IF($A14="","",IF($G14=1,BP14,BR13-N(BS13))) -> 5 | BS14: =IF($C14=1,ROUND(BR14/($E14-$D14+1),0),"") -> 5 | BT14: =IF($C14<>1,"",IF('Base de Dados'!$B$7="Sim",IF(SUMIFS(BB$5:BB13,$B$5:$B13,$B14)<SUMIFS(BS$5:BS13,$B$5:$B13,$B14)-0.000000001,ROUNDUP(ROUND(MAX(BQ14-SUMIFS(BB$5:BB13,$B$5:$B13,$B14),0)/($E14-$D14+1),6),0),ROUND(MAX(BQ14-SUMIFS(BB$5:BB13,$B$5:$B13,$B14),0)/($E14-$D14+1),0)),MAX(BS14,IF(SUMIFS(BB$5:BB13,$B$5:$B13,$B14)<SUMIFS(BS$5:BS13,$B$5:$B13,$B14)-0.000000001,ROUNDUP(ROUND(MAX(BQ14-SUMIFS(BB$5:BB13,$B$5:$B13,$B14),0)/($E14-$D14+1),6),0),ROUND(MAX(BQ14-SUMIFS(BB$5:BB13,$B$5:$B13,$B14),0)/($E14-$D14+1),0))))) -> 30 | BU14: =IF($A14="",0,IF('Meta Diária'!O14<>"",'Meta Diária'!O14,IF(AND($C14=1,$A14>='Base de Dados'!$B$6),CM14,0))) -> 0 | BV14: =BV13+BU13 -> 0 | BW14: =IF($G14=1,IF(BV14<BX14-0.000000001,1,0),"") | BX14: =IF($G14=1,SUMIFS(CI$5:CI13,$G$5:$G13,1),"") | BY14: =IF($G14=1,IF(AND($E14>=1,($F14-0)>0),IF(BW14=1,ROUNDUP(ROUND((MAX($BU$3-BV14,0)-(0))/($F14-0),6),0),ROUND((MAX($BU$3-BV14,0)-(0))/($F14-0),0)),0),"") | BZ14: =IF($G14=1,IF(AND($E14>=2,($F14-1)>0),IF(BW14=1,ROUNDUP(ROUND((MAX($BU$3-BV14,0)-(BY14))/($F14-1),6),0),ROUND((MAX($BU$3-BV14,0)-(BY14))/($F14-1),0)),0),"") | CA14: =IF($G14=1,IF(AND($E14>=3,($F14-2)>0),IF(BW14=1,ROUNDUP(ROUND((MAX($BU$3-BV14,0)-(BY14+BZ14))/($F14-2),6),0),ROUND((MAX($BU$3-BV14,0)-(BY14+BZ14))/($F14-2),0)),0),"") | CB14: =IF($G14=1,IF(AND($E14>=4,($F14-3)>0),IF(BW14=1,ROUNDUP(ROUND((MAX($BU$3-BV14,0)-(BY14+BZ14+CA14))/($F14-3),6),0),ROUND((MAX($BU$3-BV14,0)-(BY14+BZ14+CA14))/($F14-3),0)),0),"") | CC14: =IF($G14=1,IF(AND($E14>=5,($F14-4)>0),IF(BW14=1,ROUNDUP(ROUND((MAX($BU$3-BV14,0)-(BY14+BZ14+CA14+CB14))/($F14-4),6),0),ROUND((MAX($BU$3-BV14,0)-(BY14+BZ14+CA14+CB14))/($F14-4),0)),0),"") | CD14: =IF($G14=1,IF(AND($E14>=1,($F14-0)>0),ROUND((($BU$3-BX14)-(0))/($F14-0),0),0),"") | CE14: =IF($G14=1,IF(AND($E14>=2,($F14-1)>0),ROUND((($BU$3-BX14)-(CD14))/($F14-1),0),0),"") | CF14: =IF($G14=1,IF(AND($E14>=3,($F14-2)>0),ROUND((($BU$3-BX14)-(CD14+CE14))/($F14-2),0),0),"") | CG14: =IF($G14=1,IF(AND($E14>=4,($F14-3)>0),ROUND((($BU$3-BX14)-(CD14+CE14+CF14))/($F14-3),0),0),"") | CH14: =IF($G14=1,IF(AND($E14>=5,($F14-4)>0),ROUND((($BU$3-BX14)-(CD14+CE14+CF14+CG14))/($F14-4),0),0),"") | CI14: =IF($A14="","",IF($G14=1,(CD14+CE14+CF14+CG14+CH14),CI13)) -> 7 | CJ14: =IF($A14="","",IF($G14=1,IF('Base de Dados'!$B$7="Sim",(BY14+BZ14+CA14+CB14+CC14),MAX(CI14,(BY14+BZ14+CA14+CB14+CC14))),CJ13)) -> 10 | CK14: =IF($A14="","",IF($G14=1,CI14,CK13-N(CL13))) -> 1 | CL14: =IF($C14=1,ROUND(CK14/($E14-$D14+1),0),"") -> 1 | CM14: =IF($C14<>1,"",IF('Base de Dados'!$B$7="Sim",IF(SUMIFS(BU$5:BU13,$B$5:$B13,$B14)<SUMIFS(CL$5:CL13,$B$5:$B13,$B14)-0.000000001,ROUNDUP(ROUND(MAX(CJ14-SUMIFS(BU$5:BU13,$B$5:$B13,$B14),0)/($E14-$D14+1),6),0),ROUND(MAX(CJ14-SUMIFS(BU$5:BU13,$B$5:$B13,$B14),0)/($E14-$D14+1),0)),MAX(CL14,IF(SUMIFS(BU$5:BU13,$B$5:$B13,$B14)<SUMIFS(CL$5:CL13,$B$5:$B13,$B14)-0.000000001,ROUNDUP(ROUND(MAX(CJ14-SUMIFS(BU$5:BU13,$B$5:$B13,$B14),0)/($E14-$D14+1),6),0),ROUND(MAX(CJ14-SUMIFS(BU$5:BU13,$B$5:$B13,$B14),0)/($E14-$D14+1),0))))) -> 10
A15: =IF($E$2+9<=EOMONTH($E$2,0),$E$2+9,"") -> 46305 | B15: =IF(A15="","",IF(COUNTIFS(H$6:H$36,H15,C$6:C$36,1)=0,"",IF(H15=H14,B14,1+MAX(B$5:B14)))) -> 2 | C15: =IF(A15="",0,IF(AND(WEEKDAY(A15,2)<=5,COUNTIF(Folgas!$A$5:$A$300,A15)=0),1,0)) -> 0 | D15: =IF(C15=1,COUNTIFS(B$6:B15,B15,C$6:C15,1),0) -> 0 | E15: =IF(OR(A15="",B15=""),0,COUNTIFS(B$6:B$36,B15,C$6:C$36,1)) -> 5 | F15: =IF(OR(A15="",B15=""),0,COUNTIFS(B$6:B$36,">="&B15,C$6:C$36,1)) -> 19 | G15: =IF(OR(A15="",B15=""),0,IF(B15=B14,0,1)) -> 0 | H15: =IF(A15="","",INT((A15-$E$3)/7)+1) -> 2 | J15: =IF($A15="",0,IF('Meta Diária'!G15<>"",'Meta Diária'!G15,IF(AND($C15=1,$A15>='Base de Dados'!$B$6),O15,0))) -> 0 | K15: =K14+J14 -> 0 | L15: =IF($A15="","",IF($G15=1,IF($B$2=0,0,$J$3*$E15/$B$2),L14)) -> 7142.8571 | M15: =IF($A15="","",IF($G15=1,IF('Base de Dados'!$B$7="Sim",IF($F15=0,0,MAX($J$3-K15,0)*$E15/$F15),MAX(L15,IF($F15=0,0,MAX($J$3-K15,0)*$E15/$F15))),M14)) -> 7894.7368 | N15: =IF($C15=1,M15/$E15,"") | O15: =IF($C15<>1,"",IF('Base de Dados'!$B$7="Sim",MAX(M15-SUMIFS(J$5:J14,$B$5:$B14,$B15),0)/($E15-$D15+1),MAX(N15,MAX(M15-SUMIFS(J$5:J14,$B$5:$B14,$B15),0)/($E15-$D15+1)))) | P15: =IF($A15="",0,IF('Meta Diária'!I15<>"",'Meta Diária'!I15,IF(AND($C15=1,$A15>='Base de Dados'!$B$6),AH15,0))) -> 0 | Q15: =Q14+P14 -> 0 | R15: =IF($G15=1,IF(Q15<S15-0.000000001,1,0),"") | S15: =IF($G15=1,SUMIFS(AD$5:AD14,$G$5:$G14,1),"") | T15: =IF($G15=1,IF(AND($E15>=1,($F15-0)>0),IF(R15=1,ROUNDUP(ROUND((MAX($P$3-Q15,0)-(0))/($F15-0),6),0),ROUND((MAX($P$3-Q15,0)-(0))/($F15-0),0)),0),"") | U15: =IF($G15=1,IF(AND($E15>=2,($F15-1)>0),IF(R15=1,ROUNDUP(ROUND((MAX($P$3-Q15,0)-(T15))/($F15-1),6),0),ROUND((MAX($P$3-Q15,0)-(T15))/($F15-1),0)),0),"") | V15: =IF($G15=1,IF(AND($E15>=3,($F15-2)>0),IF(R15=1,ROUNDUP(ROUND((MAX($P$3-Q15,0)-(T15+U15))/($F15-2),6),0),ROUND((MAX($P$3-Q15,0)-(T15+U15))/($F15-2),0)),0),"") | W15: =IF($G15=1,IF(AND($E15>=4,($F15-3)>0),IF(R15=1,ROUNDUP(ROUND((MAX($P$3-Q15,0)-(T15+U15+V15))/($F15-3),6),0),ROUND((MAX($P$3-Q15,0)-(T15+U15+V15))/($F15-3),0)),0),"") | X15: =IF($G15=1,IF(AND($E15>=5,($F15-4)>0),IF(R15=1,ROUNDUP(ROUND((MAX($P$3-Q15,0)-(T15+U15+V15+W15))/($F15-4),6),0),ROUND((MAX($P$3-Q15,0)-(T15+U15+V15+W15))/($F15-4),0)),0),"") | Y15: =IF($G15=1,IF(AND($E15>=1,($F15-0)>0),ROUND((($P$3-S15)-(0))/($F15-0),0),0),"") | Z15: =IF($G15=1,IF(AND($E15>=2,($F15-1)>0),ROUND((($P$3-S15)-(Y15))/($F15-1),0),0),"") | AA15: =IF($G15=1,IF(AND($E15>=3,($F15-2)>0),ROUND((($P$3-S15)-(Y15+Z15))/($F15-2),0),0),"") | AB15: =IF($G15=1,IF(AND($E15>=4,($F15-3)>0),ROUND((($P$3-S15)-(Y15+Z15+AA15))/($F15-3),0),0),"") | AC15: =IF($G15=1,IF(AND($E15>=5,($F15-4)>0),ROUND((($P$3-S15)-(Y15+Z15+AA15+AB15))/($F15-4),0),0),"") | AD15: =IF($A15="","",IF($G15=1,(Y15+Z15+AA15+AB15+AC15),AD14)) -> 205 | AE15: =IF($A15="","",IF($G15=1,IF('Base de Dados'!$B$7="Sim",(T15+U15+V15+W15+X15),MAX(AD15,(T15+U15+V15+W15+X15))),AE14)) -> 228 | AF15: =IF($A15="","",IF($G15=1,AD15,AF14-N(AG14))) -> 0 | AG15: =IF($C15=1,ROUND(AF15/($E15-$D15+1),0),"") | AH15: =IF($C15<>1,"",IF('Base de Dados'!$B$7="Sim",IF(SUMIFS(P$5:P14,$B$5:$B14,$B15)<SUMIFS(AG$5:AG14,$B$5:$B14,$B15)-0.000000001,ROUNDUP(ROUND(MAX(AE15-SUMIFS(P$5:P14,$B$5:$B14,$B15),0)/($E15-$D15+1),6),0),ROUND(MAX(AE15-SUMIFS(P$5:P14,$B$5:$B14,$B15),0)/($E15-$D15+1),0)),MAX(AG15,IF(SUMIFS(P$5:P14,$B$5:$B14,$B15)<SUMIFS(AG$5:AG14,$B$5:$B14,$B15)-0.000000001,ROUNDUP(ROUND(MAX(AE15-SUMIFS(P$5:P14,$B$5:$B14,$B15),0)/($E15-$D15+1),6),0),ROUND(MAX(AE15-SUMIFS(P$5:P14,$B$5:$B14,$B15),0)/($E15-$D15+1),0))))) | AI15: =IF($A15="",0,IF('Meta Diária'!K15<>"",'Meta Diária'!K15,IF(AND($C15=1,$A15>='Base de Dados'!$B$6),BA15,0))) -> 0 | AJ15: =AJ14+AI14 -> 0 | AK15: =IF($G15=1,IF(AJ15<AL15-0.000000001,1,0),"") | AL15: =IF($G15=1,SUMIFS(AW$5:AW14,$G$5:$G14,1),"") | AM15: =IF($G15=1,IF(AND($E15>=1,($F15-0)>0),IF(AK15=1,ROUNDUP(ROUND((MAX($AI$3-AJ15,0)-(0))/($F15-0),6),0),ROUND((MAX($AI$3-AJ15,0)-(0))/($F15-0),0)),0),"") | AN15: =IF($G15=1,IF(AND($E15>=2,($F15-1)>0),IF(AK15=1,ROUNDUP(ROUND((MAX($AI$3-AJ15,0)-(AM15))/($F15-1),6),0),ROUND((MAX($AI$3-AJ15,0)-(AM15))/($F15-1),0)),0),"") | AO15: =IF($G15=1,IF(AND($E15>=3,($F15-2)>0),IF(AK15=1,ROUNDUP(ROUND((MAX($AI$3-AJ15,0)-(AM15+AN15))/($F15-2),6),0),ROUND((MAX($AI$3-AJ15,0)-(AM15+AN15))/($F15-2),0)),0),"") | AP15: =IF($G15=1,IF(AND($E15>=4,($F15-3)>0),IF(AK15=1,ROUNDUP(ROUND((MAX($AI$3-AJ15,0)-(AM15+AN15+AO15))/($F15-3),6),0),ROUND((MAX($AI$3-AJ15,0)-(AM15+AN15+AO15))/($F15-3),0)),0),"") | AQ15: =IF($G15=1,IF(AND($E15>=5,($F15-4)>0),IF(AK15=1,ROUNDUP(ROUND((MAX($AI$3-AJ15,0)-(AM15+AN15+AO15+AP15))/($F15-4),6),0),ROUND((MAX($AI$3-AJ15,0)-(AM15+AN15+AO15+AP15))/($F15-4),0)),0),"") | AR15: =IF($G15=1,IF(AND($E15>=1,($F15-0)>0),ROUND((($AI$3-AL15)-(0))/($F15-0),0),0),"") | AS15: =IF($G15=1,IF(AND($E15>=2,($F15-1)>0),ROUND((($AI$3-AL15)-(AR15))/($F15-1),0),0),"") | AT15: =IF($G15=1,IF(AND($E15>=3,($F15-2)>0),ROUND((($AI$3-AL15)-(AR15+AS15))/($F15-2),0),0),"") | AU15: =IF($G15=1,IF(AND($E15>=4,($F15-3)>0),ROUND((($AI$3-AL15)-(AR15+AS15+AT15))/($F15-3),0),0),"") | AV15: =IF($G15=1,IF(AND($E15>=5,($F15-4)>0),ROUND((($AI$3-AL15)-(AR15+AS15+AT15+AU15))/($F15-4),0),0),"") | AW15: =IF($A15="","",IF($G15=1,(AR15+AS15+AT15+AU15+AV15),AW14)) -> 40 | AX15: =IF($A15="","",IF($G15=1,IF('Base de Dados'!$B$7="Sim",(AM15+AN15+AO15+AP15+AQ15),MAX(AW15,(AM15+AN15+AO15+AP15+AQ15))),AX14)) -> 46 | AY15: =IF($A15="","",IF($G15=1,AW15,AY14-N(AZ14))) -> 0 | AZ15: =IF($C15=1,ROUND(AY15/($E15-$D15+1),0),"") | BA15: =IF($C15<>1,"",IF('Base de Dados'!$B$7="Sim",IF(SUMIFS(AI$5:AI14,$B$5:$B14,$B15)<SUMIFS(AZ$5:AZ14,$B$5:$B14,$B15)-0.000000001,ROUNDUP(ROUND(MAX(AX15-SUMIFS(AI$5:AI14,$B$5:$B14,$B15),0)/($E15-$D15+1),6),0),ROUND(MAX(AX15-SUMIFS(AI$5:AI14,$B$5:$B14,$B15),0)/($E15-$D15+1),0)),MAX(AZ15,IF(SUMIFS(AI$5:AI14,$B$5:$B14,$B15)<SUMIFS(AZ$5:AZ14,$B$5:$B14,$B15)-0.000000001,ROUNDUP(ROUND(MAX(AX15-SUMIFS(AI$5:AI14,$B$5:$B14,$B15),0)/($E15-$D15+1),6),0),ROUND(MAX(AX15-SUMIFS(AI$5:AI14,$B$5:$B14,$B15),0)/($E15-$D15+1),0))))) | BB15: =IF($A15="",0,IF('Meta Diária'!M15<>"",'Meta Diária'!M15,IF(AND($C15=1,$A15>='Base de Dados'!$B$6),BT15,0))) -> 0 | BC15: =BC14+BB14 -> 0 | BD15: =IF($G15=1,IF(BC15<BE15-0.000000001,1,0),"") | BE15: =IF($G15=1,SUMIFS(BP$5:BP14,$G$5:$G14,1),"") | BF15: =IF($G15=1,IF(AND($E15>=1,($F15-0)>0),IF(BD15=1,ROUNDUP(ROUND((MAX($BB$3-BC15,0)-(0))/($F15-0),6),0),ROUND((MAX($BB$3-BC15,0)-(0))/($F15-0),0)),0),"") | BG15: =IF($G15=1,IF(AND($E15>=2,($F15-1)>0),IF(BD15=1,ROUNDUP(ROUND((MAX($BB$3-BC15,0)-(BF15))/($F15-1),6),0),ROUND((MAX($BB$3-BC15,0)-(BF15))/($F15-1),0)),0),"") | BH15: =IF($G15=1,IF(AND($E15>=3,($F15-2)>0),IF(BD15=1,ROUNDUP(ROUND((MAX($BB$3-BC15,0)-(BF15+BG15))/($F15-2),6),0),ROUND((MAX($BB$3-BC15,0)-(BF15+BG15))/($F15-2),0)),0),"") | BI15: =IF($G15=1,IF(AND($E15>=4,($F15-3)>0),IF(BD15=1,ROUNDUP(ROUND((MAX($BB$3-BC15,0)-(BF15+BG15+BH15))/($F15-3),6),0),ROUND((MAX($BB$3-BC15,0)-(BF15+BG15+BH15))/($F15-3),0)),0),"") | BJ15: =IF($G15=1,IF(AND($E15>=5,($F15-4)>0),IF(BD15=1,ROUNDUP(ROUND((MAX($BB$3-BC15,0)-(BF15+BG15+BH15+BI15))/($F15-4),6),0),ROUND((MAX($BB$3-BC15,0)-(BF15+BG15+BH15+BI15))/($F15-4),0)),0),"") | BK15: =IF($G15=1,IF(AND($E15>=1,($F15-0)>0),ROUND((($BB$3-BE15)-(0))/($F15-0),0),0),"") | BL15: =IF($G15=1,IF(AND($E15>=2,($F15-1)>0),ROUND((($BB$3-BE15)-(BK15))/($F15-1),0),0),"") | BM15: =IF($G15=1,IF(AND($E15>=3,($F15-2)>0),ROUND((($BB$3-BE15)-(BK15+BL15))/($F15-2),0),0),"") | BN15: =IF($G15=1,IF(AND($E15>=4,($F15-3)>0),ROUND((($BB$3-BE15)-(BK15+BL15+BM15))/($F15-3),0),0),"") | BO15: =IF($G15=1,IF(AND($E15>=5,($F15-4)>0),ROUND((($BB$3-BE15)-(BK15+BL15+BM15+BN15))/($F15-4),0),0),"") | BP15: =IF($A15="","",IF($G15=1,(BK15+BL15+BM15+BN15+BO15),BP14)) -> 25 | BQ15: =IF($A15="","",IF($G15=1,IF('Base de Dados'!$B$7="Sim",(BF15+BG15+BH15+BI15+BJ15),MAX(BP15,(BF15+BG15+BH15+BI15+BJ15))),BQ14)) -> 30 | BR15: =IF($A15="","",IF($G15=1,BP15,BR14-N(BS14))) -> 0 | BS15: =IF($C15=1,ROUND(BR15/($E15-$D15+1),0),"") | BT15: =IF($C15<>1,"",IF('Base de Dados'!$B$7="Sim",IF(SUMIFS(BB$5:BB14,$B$5:$B14,$B15)<SUMIFS(BS$5:BS14,$B$5:$B14,$B15)-0.000000001,ROUNDUP(ROUND(MAX(BQ15-SUMIFS(BB$5:BB14,$B$5:$B14,$B15),0)/($E15-$D15+1),6),0),ROUND(MAX(BQ15-SUMIFS(BB$5:BB14,$B$5:$B14,$B15),0)/($E15-$D15+1),0)),MAX(BS15,IF(SUMIFS(BB$5:BB14,$B$5:$B14,$B15)<SUMIFS(BS$5:BS14,$B$5:$B14,$B15)-0.000000001,ROUNDUP(ROUND(MAX(BQ15-SUMIFS(BB$5:BB14,$B$5:$B14,$B15),0)/($E15-$D15+1),6),0),ROUND(MAX(BQ15-SUMIFS(BB$5:BB14,$B$5:$B14,$B15),0)/($E15-$D15+1),0))))) | BU15: =IF($A15="",0,IF('Meta Diária'!O15<>"",'Meta Diária'!O15,IF(AND($C15=1,$A15>='Base de Dados'!$B$6),CM15,0))) -> 0 | BV15: =BV14+BU14 -> 0 | BW15: =IF($G15=1,IF(BV15<BX15-0.000000001,1,0),"") | BX15: =IF($G15=1,SUMIFS(CI$5:CI14,$G$5:$G14,1),"") | BY15: =IF($G15=1,IF(AND($E15>=1,($F15-0)>0),IF(BW15=1,ROUNDUP(ROUND((MAX($BU$3-BV15,0)-(0))/($F15-0),6),0),ROUND((MAX($BU$3-BV15,0)-(0))/($F15-0),0)),0),"") | BZ15: =IF($G15=1,IF(AND($E15>=2,($F15-1)>0),IF(BW15=1,ROUNDUP(ROUND((MAX($BU$3-BV15,0)-(BY15))/($F15-1),6),0),ROUND((MAX($BU$3-BV15,0)-(BY15))/($F15-1),0)),0),"") | CA15: =IF($G15=1,IF(AND($E15>=3,($F15-2)>0),IF(BW15=1,ROUNDUP(ROUND((MAX($BU$3-BV15,0)-(BY15+BZ15))/($F15-2),6),0),ROUND((MAX($BU$3-BV15,0)-(BY15+BZ15))/($F15-2),0)),0),"") | CB15: =IF($G15=1,IF(AND($E15>=4,($F15-3)>0),IF(BW15=1,ROUNDUP(ROUND((MAX($BU$3-BV15,0)-(BY15+BZ15+CA15))/($F15-3),6),0),ROUND((MAX($BU$3-BV15,0)-(BY15+BZ15+CA15))/($F15-3),0)),0),"") | CC15: =IF($G15=1,IF(AND($E15>=5,($F15-4)>0),IF(BW15=1,ROUNDUP(ROUND((MAX($BU$3-BV15,0)-(BY15+BZ15+CA15+CB15))/($F15-4),6),0),ROUND((MAX($BU$3-BV15,0)-(BY15+BZ15+CA15+CB15))/($F15-4),0)),0),"") | CD15: =IF($G15=1,IF(AND($E15>=1,($F15-0)>0),ROUND((($BU$3-BX15)-(0))/($F15-0),0),0),"") | CE15: =IF($G15=1,IF(AND($E15>=2,($F15-1)>0),ROUND((($BU$3-BX15)-(CD15))/($F15-1),0),0),"") | CF15: =IF($G15=1,IF(AND($E15>=3,($F15-2)>0),ROUND((($BU$3-BX15)-(CD15+CE15))/($F15-2),0),0),"") | CG15: =IF($G15=1,IF(AND($E15>=4,($F15-3)>0),ROUND((($BU$3-BX15)-(CD15+CE15+CF15))/($F15-3),0),0),"") | CH15: =IF($G15=1,IF(AND($E15>=5,($F15-4)>0),ROUND((($BU$3-BX15)-(CD15+CE15+CF15+CG15))/($F15-4),0),0),"") | CI15: =IF($A15="","",IF($G15=1,(CD15+CE15+CF15+CG15+CH15),CI14)) -> 7 | CJ15: =IF($A15="","",IF($G15=1,IF('Base de Dados'!$B$7="Sim",(BY15+BZ15+CA15+CB15+CC15),MAX(CI15,(BY15+BZ15+CA15+CB15+CC15))),CJ14)) -> 10 | CK15: =IF($A15="","",IF($G15=1,CI15,CK14-N(CL14))) -> 0 | CL15: =IF($C15=1,ROUND(CK15/($E15-$D15+1),0),"") | CM15: =IF($C15<>1,"",IF('Base de Dados'!$B$7="Sim",IF(SUMIFS(BU$5:BU14,$B$5:$B14,$B15)<SUMIFS(CL$5:CL14,$B$5:$B14,$B15)-0.000000001,ROUNDUP(ROUND(MAX(CJ15-SUMIFS(BU$5:BU14,$B$5:$B14,$B15),0)/($E15-$D15+1),6),0),ROUND(MAX(CJ15-SUMIFS(BU$5:BU14,$B$5:$B14,$B15),0)/($E15-$D15+1),0)),MAX(CL15,IF(SUMIFS(BU$5:BU14,$B$5:$B14,$B15)<SUMIFS(CL$5:CL14,$B$5:$B14,$B15)-0.000000001,ROUNDUP(ROUND(MAX(CJ15-SUMIFS(BU$5:BU14,$B$5:$B14,$B15),0)/($E15-$D15+1),6),0),ROUND(MAX(CJ15-SUMIFS(BU$5:BU14,$B$5:$B14,$B15),0)/($E15-$D15+1),0)))))
A16: =IF($E$2+10<=EOMONTH($E$2,0),$E$2+10,"") -> 46306 | B16: =IF(A16="","",IF(COUNTIFS(H$6:H$36,H16,C$6:C$36,1)=0,"",IF(H16=H15,B15,1+MAX(B$5:B15)))) -> 2 | C16: =IF(A16="",0,IF(AND(WEEKDAY(A16,2)<=5,COUNTIF(Folgas!$A$5:$A$300,A16)=0),1,0)) -> 0 | D16: =IF(C16=1,COUNTIFS(B$6:B16,B16,C$6:C16,1),0) -> 0 | E16: =IF(OR(A16="",B16=""),0,COUNTIFS(B$6:B$36,B16,C$6:C$36,1)) -> 5 | F16: =IF(OR(A16="",B16=""),0,COUNTIFS(B$6:B$36,">="&B16,C$6:C$36,1)) -> 19 | G16: =IF(OR(A16="",B16=""),0,IF(B16=B15,0,1)) -> 0 | H16: =IF(A16="","",INT((A16-$E$3)/7)+1) -> 2 | J16: =IF($A16="",0,IF('Meta Diária'!G16<>"",'Meta Diária'!G16,IF(AND($C16=1,$A16>='Base de Dados'!$B$6),O16,0))) -> 0 | K16: =K15+J15 -> 0 | L16: =IF($A16="","",IF($G16=1,IF($B$2=0,0,$J$3*$E16/$B$2),L15)) -> 7142.8571 | M16: =IF($A16="","",IF($G16=1,IF('Base de Dados'!$B$7="Sim",IF($F16=0,0,MAX($J$3-K16,0)*$E16/$F16),MAX(L16,IF($F16=0,0,MAX($J$3-K16,0)*$E16/$F16))),M15)) -> 7894.7368 | N16: =IF($C16=1,M16/$E16,"") | O16: =IF($C16<>1,"",IF('Base de Dados'!$B$7="Sim",MAX(M16-SUMIFS(J$5:J15,$B$5:$B15,$B16),0)/($E16-$D16+1),MAX(N16,MAX(M16-SUMIFS(J$5:J15,$B$5:$B15,$B16),0)/($E16-$D16+1)))) | P16: =IF($A16="",0,IF('Meta Diária'!I16<>"",'Meta Diária'!I16,IF(AND($C16=1,$A16>='Base de Dados'!$B$6),AH16,0))) -> 0 | Q16: =Q15+P15 -> 0 | R16: =IF($G16=1,IF(Q16<S16-0.000000001,1,0),"") | S16: =IF($G16=1,SUMIFS(AD$5:AD15,$G$5:$G15,1),"") | T16: =IF($G16=1,IF(AND($E16>=1,($F16-0)>0),IF(R16=1,ROUNDUP(ROUND((MAX($P$3-Q16,0)-(0))/($F16-0),6),0),ROUND((MAX($P$3-Q16,0)-(0))/($F16-0),0)),0),"") | U16: =IF($G16=1,IF(AND($E16>=2,($F16-1)>0),IF(R16=1,ROUNDUP(ROUND((MAX($P$3-Q16,0)-(T16))/($F16-1),6),0),ROUND((MAX($P$3-Q16,0)-(T16))/($F16-1),0)),0),"") | V16: =IF($G16=1,IF(AND($E16>=3,($F16-2)>0),IF(R16=1,ROUNDUP(ROUND((MAX($P$3-Q16,0)-(T16+U16))/($F16-2),6),0),ROUND((MAX($P$3-Q16,0)-(T16+U16))/($F16-2),0)),0),"") | W16: =IF($G16=1,IF(AND($E16>=4,($F16-3)>0),IF(R16=1,ROUNDUP(ROUND((MAX($P$3-Q16,0)-(T16+U16+V16))/($F16-3),6),0),ROUND((MAX($P$3-Q16,0)-(T16+U16+V16))/($F16-3),0)),0),"") | X16: =IF($G16=1,IF(AND($E16>=5,($F16-4)>0),IF(R16=1,ROUNDUP(ROUND((MAX($P$3-Q16,0)-(T16+U16+V16+W16))/($F16-4),6),0),ROUND((MAX($P$3-Q16,0)-(T16+U16+V16+W16))/($F16-4),0)),0),"") | Y16: =IF($G16=1,IF(AND($E16>=1,($F16-0)>0),ROUND((($P$3-S16)-(0))/($F16-0),0),0),"") | Z16: =IF($G16=1,IF(AND($E16>=2,($F16-1)>0),ROUND((($P$3-S16)-(Y16))/($F16-1),0),0),"") | AA16: =IF($G16=1,IF(AND($E16>=3,($F16-2)>0),ROUND((($P$3-S16)-(Y16+Z16))/($F16-2),0),0),"") | AB16: =IF($G16=1,IF(AND($E16>=4,($F16-3)>0),ROUND((($P$3-S16)-(Y16+Z16+AA16))/($F16-3),0),0),"") | AC16: =IF($G16=1,IF(AND($E16>=5,($F16-4)>0),ROUND((($P$3-S16)-(Y16+Z16+AA16+AB16))/($F16-4),0),0),"") | AD16: =IF($A16="","",IF($G16=1,(Y16+Z16+AA16+AB16+AC16),AD15)) -> 205 | AE16: =IF($A16="","",IF($G16=1,IF('Base de Dados'!$B$7="Sim",(T16+U16+V16+W16+X16),MAX(AD16,(T16+U16+V16+W16+X16))),AE15)) -> 228 | AF16: =IF($A16="","",IF($G16=1,AD16,AF15-N(AG15))) -> 0 | AG16: =IF($C16=1,ROUND(AF16/($E16-$D16+1),0),"") | AH16: =IF($C16<>1,"",IF('Base de Dados'!$B$7="Sim",IF(SUMIFS(P$5:P15,$B$5:$B15,$B16)<SUMIFS(AG$5:AG15,$B$5:$B15,$B16)-0.000000001,ROUNDUP(ROUND(MAX(AE16-SUMIFS(P$5:P15,$B$5:$B15,$B16),0)/($E16-$D16+1),6),0),ROUND(MAX(AE16-SUMIFS(P$5:P15,$B$5:$B15,$B16),0)/($E16-$D16+1),0)),MAX(AG16,IF(SUMIFS(P$5:P15,$B$5:$B15,$B16)<SUMIFS(AG$5:AG15,$B$5:$B15,$B16)-0.000000001,ROUNDUP(ROUND(MAX(AE16-SUMIFS(P$5:P15,$B$5:$B15,$B16),0)/($E16-$D16+1),6),0),ROUND(MAX(AE16-SUMIFS(P$5:P15,$B$5:$B15,$B16),0)/($E16-$D16+1),0))))) | AI16: =IF($A16="",0,IF('Meta Diária'!K16<>"",'Meta Diária'!K16,IF(AND($C16=1,$A16>='Base de Dados'!$B$6),BA16,0))) -> 0 | AJ16: =AJ15+AI15 -> 0 | AK16: =IF($G16=1,IF(AJ16<AL16-0.000000001,1,0),"") | AL16: =IF($G16=1,SUMIFS(AW$5:AW15,$G$5:$G15,1),"") | AM16: =IF($G16=1,IF(AND($E16>=1,($F16-0)>0),IF(AK16=1,ROUNDUP(ROUND((MAX($AI$3-AJ16,0)-(0))/($F16-0),6),0),ROUND((MAX($AI$3-AJ16,0)-(0))/($F16-0),0)),0),"") | AN16: =IF($G16=1,IF(AND($E16>=2,($F16-1)>0),IF(AK16=1,ROUNDUP(ROUND((MAX($AI$3-AJ16,0)-(AM16))/($F16-1),6),0),ROUND((MAX($AI$3-AJ16,0)-(AM16))/($F16-1),0)),0),"") | AO16: =IF($G16=1,IF(AND($E16>=3,($F16-2)>0),IF(AK16=1,ROUNDUP(ROUND((MAX($AI$3-AJ16,0)-(AM16+AN16))/($F16-2),6),0),ROUND((MAX($AI$3-AJ16,0)-(AM16+AN16))/($F16-2),0)),0),"") | AP16: =IF($G16=1,IF(AND($E16>=4,($F16-3)>0),IF(AK16=1,ROUNDUP(ROUND((MAX($AI$3-AJ16,0)-(AM16+AN16+AO16))/($F16-3),6),0),ROUND((MAX($AI$3-AJ16,0)-(AM16+AN16+AO16))/($F16-3),0)),0),"") | AQ16: =IF($G16=1,IF(AND($E16>=5,($F16-4)>0),IF(AK16=1,ROUNDUP(ROUND((MAX($AI$3-AJ16,0)-(AM16+AN16+AO16+AP16))/($F16-4),6),0),ROUND((MAX($AI$3-AJ16,0)-(AM16+AN16+AO16+AP16))/($F16-4),0)),0),"") | AR16: =IF($G16=1,IF(AND($E16>=1,($F16-0)>0),ROUND((($AI$3-AL16)-(0))/($F16-0),0),0),"") | AS16: =IF($G16=1,IF(AND($E16>=2,($F16-1)>0),ROUND((($AI$3-AL16)-(AR16))/($F16-1),0),0),"") | AT16: =IF($G16=1,IF(AND($E16>=3,($F16-2)>0),ROUND((($AI$3-AL16)-(AR16+AS16))/($F16-2),0),0),"") | AU16: =IF($G16=1,IF(AND($E16>=4,($F16-3)>0),ROUND((($AI$3-AL16)-(AR16+AS16+AT16))/($F16-3),0),0),"") | AV16: =IF($G16=1,IF(AND($E16>=5,($F16-4)>0),ROUND((($AI$3-AL16)-(AR16+AS16+AT16+AU16))/($F16-4),0),0),"") | AW16: =IF($A16="","",IF($G16=1,(AR16+AS16+AT16+AU16+AV16),AW15)) -> 40 | AX16: =IF($A16="","",IF($G16=1,IF('Base de Dados'!$B$7="Sim",(AM16+AN16+AO16+AP16+AQ16),MAX(AW16,(AM16+AN16+AO16+AP16+AQ16))),AX15)) -> 46 | AY16: =IF($A16="","",IF($G16=1,AW16,AY15-N(AZ15))) -> 0 | AZ16: =IF($C16=1,ROUND(AY16/($E16-$D16+1),0),"") | BA16: =IF($C16<>1,"",IF('Base de Dados'!$B$7="Sim",IF(SUMIFS(AI$5:AI15,$B$5:$B15,$B16)<SUMIFS(AZ$5:AZ15,$B$5:$B15,$B16)-0.000000001,ROUNDUP(ROUND(MAX(AX16-SUMIFS(AI$5:AI15,$B$5:$B15,$B16),0)/($E16-$D16+1),6),0),ROUND(MAX(AX16-SUMIFS(AI$5:AI15,$B$5:$B15,$B16),0)/($E16-$D16+1),0)),MAX(AZ16,IF(SUMIFS(AI$5:AI15,$B$5:$B15,$B16)<SUMIFS(AZ$5:AZ15,$B$5:$B15,$B16)-0.000000001,ROUNDUP(ROUND(MAX(AX16-SUMIFS(AI$5:AI15,$B$5:$B15,$B16),0)/($E16-$D16+1),6),0),ROUND(MAX(AX16-SUMIFS(AI$5:AI15,$B$5:$B15,$B16),0)/($E16-$D16+1),0))))) | BB16: =IF($A16="",0,IF('Meta Diária'!M16<>"",'Meta Diária'!M16,IF(AND($C16=1,$A16>='Base de Dados'!$B$6),BT16,0))) -> 0 | BC16: =BC15+BB15 -> 0 | BD16: =IF($G16=1,IF(BC16<BE16-0.000000001,1,0),"") | BE16: =IF($G16=1,SUMIFS(BP$5:BP15,$G$5:$G15,1),"") | BF16: =IF($G16=1,IF(AND($E16>=1,($F16-0)>0),IF(BD16=1,ROUNDUP(ROUND((MAX($BB$3-BC16,0)-(0))/($F16-0),6),0),ROUND((MAX($BB$3-BC16,0)-(0))/($F16-0),0)),0),"") | BG16: =IF($G16=1,IF(AND($E16>=2,($F16-1)>0),IF(BD16=1,ROUNDUP(ROUND((MAX($BB$3-BC16,0)-(BF16))/($F16-1),6),0),ROUND((MAX($BB$3-BC16,0)-(BF16))/($F16-1),0)),0),"") | BH16: =IF($G16=1,IF(AND($E16>=3,($F16-2)>0),IF(BD16=1,ROUNDUP(ROUND((MAX($BB$3-BC16,0)-(BF16+BG16))/($F16-2),6),0),ROUND((MAX($BB$3-BC16,0)-(BF16+BG16))/($F16-2),0)),0),"") | BI16: =IF($G16=1,IF(AND($E16>=4,($F16-3)>0),IF(BD16=1,ROUNDUP(ROUND((MAX($BB$3-BC16,0)-(BF16+BG16+BH16))/($F16-3),6),0),ROUND((MAX($BB$3-BC16,0)-(BF16+BG16+BH16))/($F16-3),0)),0),"") | BJ16: =IF($G16=1,IF(AND($E16>=5,($F16-4)>0),IF(BD16=1,ROUNDUP(ROUND((MAX($BB$3-BC16,0)-(BF16+BG16+BH16+BI16))/($F16-4),6),0),ROUND((MAX($BB$3-BC16,0)-(BF16+BG16+BH16+BI16))/($F16-4),0)),0),"") | BK16: =IF($G16=1,IF(AND($E16>=1,($F16-0)>0),ROUND((($BB$3-BE16)-(0))/($F16-0),0),0),"") | BL16: =IF($G16=1,IF(AND($E16>=2,($F16-1)>0),ROUND((($BB$3-BE16)-(BK16))/($F16-1),0),0),"") | BM16: =IF($G16=1,IF(AND($E16>=3,($F16-2)>0),ROUND((($BB$3-BE16)-(BK16+BL16))/($F16-2),0),0),"") | BN16: =IF($G16=1,IF(AND($E16>=4,($F16-3)>0),ROUND((($BB$3-BE16)-(BK16+BL16+BM16))/($F16-3),0),0),"") | BO16: =IF($G16=1,IF(AND($E16>=5,($F16-4)>0),ROUND((($BB$3-BE16)-(BK16+BL16+BM16+BN16))/($F16-4),0),0),"") | BP16: =IF($A16="","",IF($G16=1,(BK16+BL16+BM16+BN16+BO16),BP15)) -> 25 | BQ16: =IF($A16="","",IF($G16=1,IF('Base de Dados'!$B$7="Sim",(BF16+BG16+BH16+BI16+BJ16),MAX(BP16,(BF16+BG16+BH16+BI16+BJ16))),BQ15)) -> 30 | BR16: =IF($A16="","",IF($G16=1,BP16,BR15-N(BS15))) -> 0 | BS16: =IF($C16=1,ROUND(BR16/($E16-$D16+1),0),"") | BT16: =IF($C16<>1,"",IF('Base de Dados'!$B$7="Sim",IF(SUMIFS(BB$5:BB15,$B$5:$B15,$B16)<SUMIFS(BS$5:BS15,$B$5:$B15,$B16)-0.000000001,ROUNDUP(ROUND(MAX(BQ16-SUMIFS(BB$5:BB15,$B$5:$B15,$B16),0)/($E16-$D16+1),6),0),ROUND(MAX(BQ16-SUMIFS(BB$5:BB15,$B$5:$B15,$B16),0)/($E16-$D16+1),0)),MAX(BS16,IF(SUMIFS(BB$5:BB15,$B$5:$B15,$B16)<SUMIFS(BS$5:BS15,$B$5:$B15,$B16)-0.000000001,ROUNDUP(ROUND(MAX(BQ16-SUMIFS(BB$5:BB15,$B$5:$B15,$B16),0)/($E16-$D16+1),6),0),ROUND(MAX(BQ16-SUMIFS(BB$5:BB15,$B$5:$B15,$B16),0)/($E16-$D16+1),0))))) | BU16: =IF($A16="",0,IF('Meta Diária'!O16<>"",'Meta Diária'!O16,IF(AND($C16=1,$A16>='Base de Dados'!$B$6),CM16,0))) -> 0 | BV16: =BV15+BU15 -> 0 | BW16: =IF($G16=1,IF(BV16<BX16-0.000000001,1,0),"") | BX16: =IF($G16=1,SUMIFS(CI$5:CI15,$G$5:$G15,1),"") | BY16: =IF($G16=1,IF(AND($E16>=1,($F16-0)>0),IF(BW16=1,ROUNDUP(ROUND((MAX($BU$3-BV16,0)-(0))/($F16-0),6),0),ROUND((MAX($BU$3-BV16,0)-(0))/($F16-0),0)),0),"") | BZ16: =IF($G16=1,IF(AND($E16>=2,($F16-1)>0),IF(BW16=1,ROUNDUP(ROUND((MAX($BU$3-BV16,0)-(BY16))/($F16-1),6),0),ROUND((MAX($BU$3-BV16,0)-(BY16))/($F16-1),0)),0),"") | CA16: =IF($G16=1,IF(AND($E16>=3,($F16-2)>0),IF(BW16=1,ROUNDUP(ROUND((MAX($BU$3-BV16,0)-(BY16+BZ16))/($F16-2),6),0),ROUND((MAX($BU$3-BV16,0)-(BY16+BZ16))/($F16-2),0)),0),"") | CB16: =IF($G16=1,IF(AND($E16>=4,($F16-3)>0),IF(BW16=1,ROUNDUP(ROUND((MAX($BU$3-BV16,0)-(BY16+BZ16+CA16))/($F16-3),6),0),ROUND((MAX($BU$3-BV16,0)-(BY16+BZ16+CA16))/($F16-3),0)),0),"") | CC16: =IF($G16=1,IF(AND($E16>=5,($F16-4)>0),IF(BW16=1,ROUNDUP(ROUND((MAX($BU$3-BV16,0)-(BY16+BZ16+CA16+CB16))/($F16-4),6),0),ROUND((MAX($BU$3-BV16,0)-(BY16+BZ16+CA16+CB16))/($F16-4),0)),0),"") | CD16: =IF($G16=1,IF(AND($E16>=1,($F16-0)>0),ROUND((($BU$3-BX16)-(0))/($F16-0),0),0),"") | CE16: =IF($G16=1,IF(AND($E16>=2,($F16-1)>0),ROUND((($BU$3-BX16)-(CD16))/($F16-1),0),0),"") | CF16: =IF($G16=1,IF(AND($E16>=3,($F16-2)>0),ROUND((($BU$3-BX16)-(CD16+CE16))/($F16-2),0),0),"") | CG16: =IF($G16=1,IF(AND($E16>=4,($F16-3)>0),ROUND((($BU$3-BX16)-(CD16+CE16+CF16))/($F16-3),0),0),"") | CH16: =IF($G16=1,IF(AND($E16>=5,($F16-4)>0),ROUND((($BU$3-BX16)-(CD16+CE16+CF16+CG16))/($F16-4),0),0),"") | CI16: =IF($A16="","",IF($G16=1,(CD16+CE16+CF16+CG16+CH16),CI15)) -> 7 | CJ16: =IF($A16="","",IF($G16=1,IF('Base de Dados'!$B$7="Sim",(BY16+BZ16+CA16+CB16+CC16),MAX(CI16,(BY16+BZ16+CA16+CB16+CC16))),CJ15)) -> 10 | CK16: =IF($A16="","",IF($G16=1,CI16,CK15-N(CL15))) -> 0 | CL16: =IF($C16=1,ROUND(CK16/($E16-$D16+1),0),"") | CM16: =IF($C16<>1,"",IF('Base de Dados'!$B$7="Sim",IF(SUMIFS(BU$5:BU15,$B$5:$B15,$B16)<SUMIFS(CL$5:CL15,$B$5:$B15,$B16)-0.000000001,ROUNDUP(ROUND(MAX(CJ16-SUMIFS(BU$5:BU15,$B$5:$B15,$B16),0)/($E16-$D16+1),6),0),ROUND(MAX(CJ16-SUMIFS(BU$5:BU15,$B$5:$B15,$B16),0)/($E16-$D16+1),0)),MAX(CL16,IF(SUMIFS(BU$5:BU15,$B$5:$B15,$B16)<SUMIFS(CL$5:CL15,$B$5:$B15,$B16)-0.000000001,ROUNDUP(ROUND(MAX(CJ16-SUMIFS(BU$5:BU15,$B$5:$B15,$B16),0)/($E16-$D16+1),6),0),ROUND(MAX(CJ16-SUMIFS(BU$5:BU15,$B$5:$B15,$B16),0)/($E16-$D16+1),0)))))
A17: =IF($E$2+11<=EOMONTH($E$2,0),$E$2+11,"") -> 46307 | B17: =IF(A17="","",IF(COUNTIFS(H$6:H$36,H17,C$6:C$36,1)=0,"",IF(H17=H16,B16,1+MAX(B$5:B16)))) -> 3 | C17: =IF(A17="",0,IF(AND(WEEKDAY(A17,2)<=5,COUNTIF(Folgas!$A$5:$A$300,A17)=0),1,0)) -> 0 | D17: =IF(C17=1,COUNTIFS(B$6:B17,B17,C$6:C17,1),0) -> 0 | E17: =IF(OR(A17="",B17=""),0,COUNTIFS(B$6:B$36,B17,C$6:C$36,1)) -> 4 | F17: =IF(OR(A17="",B17=""),0,COUNTIFS(B$6:B$36,">="&B17,C$6:C$36,1)) -> 14 | G17: =IF(OR(A17="",B17=""),0,IF(B17=B16,0,1)) -> 1 | H17: =IF(A17="","",INT((A17-$E$3)/7)+1) -> 3 | J17: =IF($A17="",0,IF('Meta Diária'!G17<>"",'Meta Diária'!G17,IF(AND($C17=1,$A17>='Base de Dados'!$B$6),O17,0))) -> 0 | K17: =K16+J16 -> 0 | L17: =IF($A17="","",IF($G17=1,IF($B$2=0,0,$J$3*$E17/$B$2),L16)) -> 5714.2857 | M17: =IF($A17="","",IF($G17=1,IF('Base de Dados'!$B$7="Sim",IF($F17=0,0,MAX($J$3-K17,0)*$E17/$F17),MAX(L17,IF($F17=0,0,MAX($J$3-K17,0)*$E17/$F17))),M16)) -> 8571.4286 | N17: =IF($C17=1,M17/$E17,"") | O17: =IF($C17<>1,"",IF('Base de Dados'!$B$7="Sim",MAX(M17-SUMIFS(J$5:J16,$B$5:$B16,$B17),0)/($E17-$D17+1),MAX(N17,MAX(M17-SUMIFS(J$5:J16,$B$5:$B16,$B17),0)/($E17-$D17+1)))) | P17: =IF($A17="",0,IF('Meta Diária'!I17<>"",'Meta Diária'!I17,IF(AND($C17=1,$A17>='Base de Dados'!$B$6),AH17,0))) -> 0 | Q17: =Q16+P16 -> 0 | R17: =IF($G17=1,IF(Q17<S17-0.000000001,1,0),"") -> 1 | S17: =IF($G17=1,SUMIFS(AD$5:AD16,$G$5:$G16,1),"") -> 287 | T17: =IF($G17=1,IF(AND($E17>=1,($F17-0)>0),IF(R17=1,ROUNDUP(ROUND((MAX($P$3-Q17,0)-(0))/($F17-0),6),0),ROUND((MAX($P$3-Q17,0)-(0))/($F17-0),0)),0),"") -> 62 | U17: =IF($G17=1,IF(AND($E17>=2,($F17-1)>0),IF(R17=1,ROUNDUP(ROUND((MAX($P$3-Q17,0)-(T17))/($F17-1),6),0),ROUND((MAX($P$3-Q17,0)-(T17))/($F17-1),0)),0),"") -> 62 | V17: =IF($G17=1,IF(AND($E17>=3,($F17-2)>0),IF(R17=1,ROUNDUP(ROUND((MAX($P$3-Q17,0)-(T17+U17))/($F17-2),6),0),ROUND((MAX($P$3-Q17,0)-(T17+U17))/($F17-2),0)),0),"") -> 62 | W17: =IF($G17=1,IF(AND($E17>=4,($F17-3)>0),IF(R17=1,ROUNDUP(ROUND((MAX($P$3-Q17,0)-(T17+U17+V17))/($F17-3),6),0),ROUND((MAX($P$3-Q17,0)-(T17+U17+V17))/($F17-3),0)),0),"") -> 62 | X17: =IF($G17=1,IF(AND($E17>=5,($F17-4)>0),IF(R17=1,ROUNDUP(ROUND((MAX($P$3-Q17,0)-(T17+U17+V17+W17))/($F17-4),6),0),ROUND((MAX($P$3-Q17,0)-(T17+U17+V17+W17))/($F17-4),0)),0),"") -> 0 | Y17: =IF($G17=1,IF(AND($E17>=1,($F17-0)>0),ROUND((($P$3-S17)-(0))/($F17-0),0),0),"") -> 41 | Z17: =IF($G17=1,IF(AND($E17>=2,($F17-1)>0),ROUND((($P$3-S17)-(Y17))/($F17-1),0),0),"") -> 41 | AA17: =IF($G17=1,IF(AND($E17>=3,($F17-2)>0),ROUND((($P$3-S17)-(Y17+Z17))/($F17-2),0),0),"") -> 41 | AB17: =IF($G17=1,IF(AND($E17>=4,($F17-3)>0),ROUND((($P$3-S17)-(Y17+Z17+AA17))/($F17-3),0),0),"") -> 41 | AC17: =IF($G17=1,IF(AND($E17>=5,($F17-4)>0),ROUND((($P$3-S17)-(Y17+Z17+AA17+AB17))/($F17-4),0),0),"") -> 0 | AD17: =IF($A17="","",IF($G17=1,(Y17+Z17+AA17+AB17+AC17),AD16)) -> 164 | AE17: =IF($A17="","",IF($G17=1,IF('Base de Dados'!$B$7="Sim",(T17+U17+V17+W17+X17),MAX(AD17,(T17+U17+V17+W17+X17))),AE16)) -> 248 | AF17: =IF($A17="","",IF($G17=1,AD17,AF16-N(AG16))) -> 164 | AG17: =IF($C17=1,ROUND(AF17/($E17-$D17+1),0),"") | AH17: =IF($C17<>1,"",IF('Base de Dados'!$B$7="Sim",IF(SUMIFS(P$5:P16,$B$5:$B16,$B17)<SUMIFS(AG$5:AG16,$B$5:$B16,$B17)-0.000000001,ROUNDUP(ROUND(MAX(AE17-SUMIFS(P$5:P16,$B$5:$B16,$B17),0)/($E17-$D17+1),6),0),ROUND(MAX(AE17-SUMIFS(P$5:P16,$B$5:$B16,$B17),0)/($E17-$D17+1),0)),MAX(AG17,IF(SUMIFS(P$5:P16,$B$5:$B16,$B17)<SUMIFS(AG$5:AG16,$B$5:$B16,$B17)-0.000000001,ROUNDUP(ROUND(MAX(AE17-SUMIFS(P$5:P16,$B$5:$B16,$B17),0)/($E17-$D17+1),6),0),ROUND(MAX(AE17-SUMIFS(P$5:P16,$B$5:$B16,$B17),0)/($E17-$D17+1),0))))) | AI17: =IF($A17="",0,IF('Meta Diária'!K17<>"",'Meta Diária'!K17,IF(AND($C17=1,$A17>='Base de Dados'!$B$6),BA17,0))) -> 0 | AJ17: =AJ16+AI16 -> 0 | AK17: =IF($G17=1,IF(AJ17<AL17-0.000000001,1,0),"") -> 1 | AL17: =IF($G17=1,SUMIFS(AW$5:AW16,$G$5:$G16,1),"") -> 56 | AM17: =IF($G17=1,IF(AND($E17>=1,($F17-0)>0),IF(AK17=1,ROUNDUP(ROUND((MAX($AI$3-AJ17,0)-(0))/($F17-0),6),0),ROUND((MAX($AI$3-AJ17,0)-(0))/($F17-0),0)),0),"") -> 13 | AN17: =IF($G17=1,IF(AND($E17>=2,($F17-1)>0),IF(AK17=1,ROUNDUP(ROUND((MAX($AI$3-AJ17,0)-(AM17))/($F17-1),6),0),ROUND((MAX($AI$3-AJ17,0)-(AM17))/($F17-1),0)),0),"") -> 13 | AO17: =IF($G17=1,IF(AND($E17>=3,($F17-2)>0),IF(AK17=1,ROUNDUP(ROUND((MAX($AI$3-AJ17,0)-(AM17+AN17))/($F17-2),6),0),ROUND((MAX($AI$3-AJ17,0)-(AM17+AN17))/($F17-2),0)),0),"") -> 13 | AP17: =IF($G17=1,IF(AND($E17>=4,($F17-3)>0),IF(AK17=1,ROUNDUP(ROUND((MAX($AI$3-AJ17,0)-(AM17+AN17+AO17))/($F17-3),6),0),ROUND((MAX($AI$3-AJ17,0)-(AM17+AN17+AO17))/($F17-3),0)),0),"") -> 13 | AQ17: =IF($G17=1,IF(AND($E17>=5,($F17-4)>0),IF(AK17=1,ROUNDUP(ROUND((MAX($AI$3-AJ17,0)-(AM17+AN17+AO17+AP17))/($F17-4),6),0),ROUND((MAX($AI$3-AJ17,0)-(AM17+AN17+AO17+AP17))/($F17-4),0)),0),"") -> 0 | AR17: =IF($G17=1,IF(AND($E17>=1,($F17-0)>0),ROUND((($AI$3-AL17)-(0))/($F17-0),0),0),"") -> 8 | AS17: =IF($G17=1,IF(AND($E17>=2,($F17-1)>0),ROUND((($AI$3-AL17)-(AR17))/($F17-1),0),0),"") -> 8 | AT17: =IF($G17=1,IF(AND($E17>=3,($F17-2)>0),ROUND((($AI$3-AL17)-(AR17+AS17))/($F17-2),0),0),"") -> 8 | AU17: =IF($G17=1,IF(AND($E17>=4,($F17-3)>0),ROUND((($AI$3-AL17)-(AR17+AS17+AT17))/($F17-3),0),0),"") -> 8 | AV17: =IF($G17=1,IF(AND($E17>=5,($F17-4)>0),ROUND((($AI$3-AL17)-(AR17+AS17+AT17+AU17))/($F17-4),0),0),"") -> 0 | AW17: =IF($A17="","",IF($G17=1,(AR17+AS17+AT17+AU17+AV17),AW16)) -> 32 | AX17: =IF($A17="","",IF($G17=1,IF('Base de Dados'!$B$7="Sim",(AM17+AN17+AO17+AP17+AQ17),MAX(AW17,(AM17+AN17+AO17+AP17+AQ17))),AX16)) -> 52 | AY17: =IF($A17="","",IF($G17=1,AW17,AY16-N(AZ16))) -> 32 | AZ17: =IF($C17=1,ROUND(AY17/($E17-$D17+1),0),"") | BA17: =IF($C17<>1,"",IF('Base de Dados'!$B$7="Sim",IF(SUMIFS(AI$5:AI16,$B$5:$B16,$B17)<SUMIFS(AZ$5:AZ16,$B$5:$B16,$B17)-0.000000001,ROUNDUP(ROUND(MAX(AX17-SUMIFS(AI$5:AI16,$B$5:$B16,$B17),0)/($E17-$D17+1),6),0),ROUND(MAX(AX17-SUMIFS(AI$5:AI16,$B$5:$B16,$B17),0)/($E17-$D17+1),0)),MAX(AZ17,IF(SUMIFS(AI$5:AI16,$B$5:$B16,$B17)<SUMIFS(AZ$5:AZ16,$B$5:$B16,$B17)-0.000000001,ROUNDUP(ROUND(MAX(AX17-SUMIFS(AI$5:AI16,$B$5:$B16,$B17),0)/($E17-$D17+1),6),0),ROUND(MAX(AX17-SUMIFS(AI$5:AI16,$B$5:$B16,$B17),0)/($E17-$D17+1),0))))) | BB17: =IF($A17="",0,IF('Meta Diária'!M17<>"",'Meta Diária'!M17,IF(AND($C17=1,$A17>='Base de Dados'!$B$6),BT17,0))) -> 0 | BC17: =BC16+BB16 -> 0 | BD17: =IF($G17=1,IF(BC17<BE17-0.000000001,1,0),"") -> 1 | BE17: =IF($G17=1,SUMIFS(BP$5:BP16,$G$5:$G16,1),"") -> 35 | BF17: =IF($G17=1,IF(AND($E17>=1,($F17-0)>0),IF(BD17=1,ROUNDUP(ROUND((MAX($BB$3-BC17,0)-(0))/($F17-0),6),0),ROUND((MAX($BB$3-BC17,0)-(0))/($F17-0),0)),0),"") -> 8 | BG17: =IF($G17=1,IF(AND($E17>=2,($F17-1)>0),IF(BD17=1,ROUNDUP(ROUND((MAX($BB$3-BC17,0)-(BF17))/($F17-1),6),0),ROUND((MAX($BB$3-BC17,0)-(BF17))/($F17-1),0)),0),"") -> 8 | BH17: =IF($G17=1,IF(AND($E17>=3,($F17-2)>0),IF(BD17=1,ROUNDUP(ROUND((MAX($BB$3-BC17,0)-(BF17+BG17))/($F17-2),6),0),ROUND((MAX($BB$3-BC17,0)-(BF17+BG17))/($F17-2),0)),0),"") -> 8 | BI17: =IF($G17=1,IF(AND($E17>=4,($F17-3)>0),IF(BD17=1,ROUNDUP(ROUND((MAX($BB$3-BC17,0)-(BF17+BG17+BH17))/($F17-3),6),0),ROUND((MAX($BB$3-BC17,0)-(BF17+BG17+BH17))/($F17-3),0)),0),"") -> 8 | BJ17: =IF($G17=1,IF(AND($E17>=5,($F17-4)>0),IF(BD17=1,ROUNDUP(ROUND((MAX($BB$3-BC17,0)-(BF17+BG17+BH17+BI17))/($F17-4),6),0),ROUND((MAX($BB$3-BC17,0)-(BF17+BG17+BH17+BI17))/($F17-4),0)),0),"") -> 0 | BK17: =IF($G17=1,IF(AND($E17>=1,($F17-0)>0),ROUND((($BB$3-BE17)-(0))/($F17-0),0),0),"") -> 5 | BL17: =IF($G17=1,IF(AND($E17>=2,($F17-1)>0),ROUND((($BB$3-BE17)-(BK17))/($F17-1),0),0),"") -> 5 | BM17: =IF($G17=1,IF(AND($E17>=3,($F17-2)>0),ROUND((($BB$3-BE17)-(BK17+BL17))/($F17-2),0),0),"") -> 5 | BN17: =IF($G17=1,IF(AND($E17>=4,($F17-3)>0),ROUND((($BB$3-BE17)-(BK17+BL17+BM17))/($F17-3),0),0),"") -> 5 | BO17: =IF($G17=1,IF(AND($E17>=5,($F17-4)>0),ROUND((($BB$3-BE17)-(BK17+BL17+BM17+BN17))/($F17-4),0),0),"") -> 0 | BP17: =IF($A17="","",IF($G17=1,(BK17+BL17+BM17+BN17+BO17),BP16)) -> 20 | BQ17: =IF($A17="","",IF($G17=1,IF('Base de Dados'!$B$7="Sim",(BF17+BG17+BH17+BI17+BJ17),MAX(BP17,(BF17+BG17+BH17+BI17+BJ17))),BQ16)) -> 32 | BR17: =IF($A17="","",IF($G17=1,BP17,BR16-N(BS16))) -> 20 | BS17: =IF($C17=1,ROUND(BR17/($E17-$D17+1),0),"") | BT17: =IF($C17<>1,"",IF('Base de Dados'!$B$7="Sim",IF(SUMIFS(BB$5:BB16,$B$5:$B16,$B17)<SUMIFS(BS$5:BS16,$B$5:$B16,$B17)-0.000000001,ROUNDUP(ROUND(MAX(BQ17-SUMIFS(BB$5:BB16,$B$5:$B16,$B17),0)/($E17-$D17+1),6),0),ROUND(MAX(BQ17-SUMIFS(BB$5:BB16,$B$5:$B16,$B17),0)/($E17-$D17+1),0)),MAX(BS17,IF(SUMIFS(BB$5:BB16,$B$5:$B16,$B17)<SUMIFS(BS$5:BS16,$B$5:$B16,$B17)-0.000000001,ROUNDUP(ROUND(MAX(BQ17-SUMIFS(BB$5:BB16,$B$5:$B16,$B17),0)/($E17-$D17+1),6),0),ROUND(MAX(BQ17-SUMIFS(BB$5:BB16,$B$5:$B16,$B17),0)/($E17-$D17+1),0))))) | BU17: =IF($A17="",0,IF('Meta Diária'!O17<>"",'Meta Diária'!O17,IF(AND($C17=1,$A17>='Base de Dados'!$B$6),CM17,0))) -> 0 | BV17: =BV16+BU16 -> 0 | BW17: =IF($G17=1,IF(BV17<BX17-0.000000001,1,0),"") -> 1 | BX17: =IF($G17=1,SUMIFS(CI$5:CI16,$G$5:$G16,1),"") -> 11 | BY17: =IF($G17=1,IF(AND($E17>=1,($F17-0)>0),IF(BW17=1,ROUNDUP(ROUND((MAX($BU$3-BV17,0)-(0))/($F17-0),6),0),ROUND((MAX($BU$3-BV17,0)-(0))/($F17-0),0)),0),"") -> 3 | BZ17: =IF($G17=1,IF(AND($E17>=2,($F17-1)>0),IF(BW17=1,ROUNDUP(ROUND((MAX($BU$3-BV17,0)-(BY17))/($F17-1),6),0),ROUND((MAX($BU$3-BV17,0)-(BY17))/($F17-1),0)),0),"") -> 3 | CA17: =IF($G17=1,IF(AND($E17>=3,($F17-2)>0),IF(BW17=1,ROUNDUP(ROUND((MAX($BU$3-BV17,0)-(BY17+BZ17))/($F17-2),6),0),ROUND((MAX($BU$3-BV17,0)-(BY17+BZ17))/($F17-2),0)),0),"") -> 3 | CB17: =IF($G17=1,IF(AND($E17>=4,($F17-3)>0),IF(BW17=1,ROUNDUP(ROUND((MAX($BU$3-BV17,0)-(BY17+BZ17+CA17))/($F17-3),6),0),ROUND((MAX($BU$3-BV17,0)-(BY17+BZ17+CA17))/($F17-3),0)),0),"") -> 3 | CC17: =IF($G17=1,IF(AND($E17>=5,($F17-4)>0),IF(BW17=1,ROUNDUP(ROUND((MAX($BU$3-BV17,0)-(BY17+BZ17+CA17+CB17))/($F17-4),6),0),ROUND((MAX($BU$3-BV17,0)-(BY17+BZ17+CA17+CB17))/($F17-4),0)),0),"") -> 0 | CD17: =IF($G17=1,IF(AND($E17>=1,($F17-0)>0),ROUND((($BU$3-BX17)-(0))/($F17-0),0),0),"") -> 2 | CE17: =IF($G17=1,IF(AND($E17>=2,($F17-1)>0),ROUND((($BU$3-BX17)-(CD17))/($F17-1),0),0),"") -> 1 | CF17: =IF($G17=1,IF(AND($E17>=3,($F17-2)>0),ROUND((($BU$3-BX17)-(CD17+CE17))/($F17-2),0),0),"") -> 2 | CG17: =IF($G17=1,IF(AND($E17>=4,($F17-3)>0),ROUND((($BU$3-BX17)-(CD17+CE17+CF17))/($F17-3),0),0),"") -> 1 | CH17: =IF($G17=1,IF(AND($E17>=5,($F17-4)>0),ROUND((($BU$3-BX17)-(CD17+CE17+CF17+CG17))/($F17-4),0),0),"") -> 0 | CI17: =IF($A17="","",IF($G17=1,(CD17+CE17+CF17+CG17+CH17),CI16)) -> 6 | CJ17: =IF($A17="","",IF($G17=1,IF('Base de Dados'!$B$7="Sim",(BY17+BZ17+CA17+CB17+CC17),MAX(CI17,(BY17+BZ17+CA17+CB17+CC17))),CJ16)) -> 12 | CK17: =IF($A17="","",IF($G17=1,CI17,CK16-N(CL16))) -> 6 | CL17: =IF($C17=1,ROUND(CK17/($E17-$D17+1),0),"") | CM17: =IF($C17<>1,"",IF('Base de Dados'!$B$7="Sim",IF(SUMIFS(BU$5:BU16,$B$5:$B16,$B17)<SUMIFS(CL$5:CL16,$B$5:$B16,$B17)-0.000000001,ROUNDUP(ROUND(MAX(CJ17-SUMIFS(BU$5:BU16,$B$5:$B16,$B17),0)/($E17-$D17+1),6),0),ROUND(MAX(CJ17-SUMIFS(BU$5:BU16,$B$5:$B16,$B17),0)/($E17-$D17+1),0)),MAX(CL17,IF(SUMIFS(BU$5:BU16,$B$5:$B16,$B17)<SUMIFS(CL$5:CL16,$B$5:$B16,$B17)-0.000000001,ROUNDUP(ROUND(MAX(CJ17-SUMIFS(BU$5:BU16,$B$5:$B16,$B17),0)/($E17-$D17+1),6),0),ROUND(MAX(CJ17-SUMIFS(BU$5:BU16,$B$5:$B16,$B17),0)/($E17-$D17+1),0)))))
A18: =IF($E$2+12<=EOMONTH($E$2,0),$E$2+12,"") -> 46308 | B18: =IF(A18="","",IF(COUNTIFS(H$6:H$36,H18,C$6:C$36,1)=0,"",IF(H18=H17,B17,1+MAX(B$5:B17)))) -> 3 | C18: =IF(A18="",0,IF(AND(WEEKDAY(A18,2)<=5,COUNTIF(Folgas!$A$5:$A$300,A18)=0),1,0)) -> 1 | D18: =IF(C18=1,COUNTIFS(B$6:B18,B18,C$6:C18,1),0) -> 1 | E18: =IF(OR(A18="",B18=""),0,COUNTIFS(B$6:B$36,B18,C$6:C$36,1)) -> 4 | F18: =IF(OR(A18="",B18=""),0,COUNTIFS(B$6:B$36,">="&B18,C$6:C$36,1)) -> 14 | G18: =IF(OR(A18="",B18=""),0,IF(B18=B17,0,1)) -> 0 | H18: =IF(A18="","",INT((A18-$E$3)/7)+1) -> 3 | J18: =IF($A18="",0,IF('Meta Diária'!G18<>"",'Meta Diária'!G18,IF(AND($C18=1,$A18>='Base de Dados'!$B$6),O18,0))) -> 2142.8571 | K18: =K17+J17 -> 0 | L18: =IF($A18="","",IF($G18=1,IF($B$2=0,0,$J$3*$E18/$B$2),L17)) -> 5714.2857 | M18: =IF($A18="","",IF($G18=1,IF('Base de Dados'!$B$7="Sim",IF($F18=0,0,MAX($J$3-K18,0)*$E18/$F18),MAX(L18,IF($F18=0,0,MAX($J$3-K18,0)*$E18/$F18))),M17)) -> 8571.4286 | N18: =IF($C18=1,M18/$E18,"") -> 2142.8571 | O18: =IF($C18<>1,"",IF('Base de Dados'!$B$7="Sim",MAX(M18-SUMIFS(J$5:J17,$B$5:$B17,$B18),0)/($E18-$D18+1),MAX(N18,MAX(M18-SUMIFS(J$5:J17,$B$5:$B17,$B18),0)/($E18-$D18+1)))) -> 2142.8571 | P18: =IF($A18="",0,IF('Meta Diária'!I18<>"",'Meta Diária'!I18,IF(AND($C18=1,$A18>='Base de Dados'!$B$6),AH18,0))) -> 62 | Q18: =Q17+P17 -> 0 | R18: =IF($G18=1,IF(Q18<S18-0.000000001,1,0),"") | S18: =IF($G18=1,SUMIFS(AD$5:AD17,$G$5:$G17,1),"") | T18: =IF($G18=1,IF(AND($E18>=1,($F18-0)>0),IF(R18=1,ROUNDUP(ROUND((MAX($P$3-Q18,0)-(0))/($F18-0),6),0),ROUND((MAX($P$3-Q18,0)-(0))/($F18-0),0)),0),"") | U18: =IF($G18=1,IF(AND($E18>=2,($F18-1)>0),IF(R18=1,ROUNDUP(ROUND((MAX($P$3-Q18,0)-(T18))/($F18-1),6),0),ROUND((MAX($P$3-Q18,0)-(T18))/($F18-1),0)),0),"") | V18: =IF($G18=1,IF(AND($E18>=3,($F18-2)>0),IF(R18=1,ROUNDUP(ROUND((MAX($P$3-Q18,0)-(T18+U18))/($F18-2),6),0),ROUND((MAX($P$3-Q18,0)-(T18+U18))/($F18-2),0)),0),"") | W18: =IF($G18=1,IF(AND($E18>=4,($F18-3)>0),IF(R18=1,ROUNDUP(ROUND((MAX($P$3-Q18,0)-(T18+U18+V18))/($F18-3),6),0),ROUND((MAX($P$3-Q18,0)-(T18+U18+V18))/($F18-3),0)),0),"") | X18: =IF($G18=1,IF(AND($E18>=5,($F18-4)>0),IF(R18=1,ROUNDUP(ROUND((MAX($P$3-Q18,0)-(T18+U18+V18+W18))/($F18-4),6),0),ROUND((MAX($P$3-Q18,0)-(T18+U18+V18+W18))/($F18-4),0)),0),"") | Y18: =IF($G18=1,IF(AND($E18>=1,($F18-0)>0),ROUND((($P$3-S18)-(0))/($F18-0),0),0),"") | Z18: =IF($G18=1,IF(AND($E18>=2,($F18-1)>0),ROUND((($P$3-S18)-(Y18))/($F18-1),0),0),"") | AA18: =IF($G18=1,IF(AND($E18>=3,($F18-2)>0),ROUND((($P$3-S18)-(Y18+Z18))/($F18-2),0),0),"") | AB18: =IF($G18=1,IF(AND($E18>=4,($F18-3)>0),ROUND((($P$3-S18)-(Y18+Z18+AA18))/($F18-3),0),0),"") | AC18: =IF($G18=1,IF(AND($E18>=5,($F18-4)>0),ROUND((($P$3-S18)-(Y18+Z18+AA18+AB18))/($F18-4),0),0),"") | AD18: =IF($A18="","",IF($G18=1,(Y18+Z18+AA18+AB18+AC18),AD17)) -> 164 | AE18: =IF($A18="","",IF($G18=1,IF('Base de Dados'!$B$7="Sim",(T18+U18+V18+W18+X18),MAX(AD18,(T18+U18+V18+W18+X18))),AE17)) -> 248 | AF18: =IF($A18="","",IF($G18=1,AD18,AF17-N(AG17))) -> 164 | AG18: =IF($C18=1,ROUND(AF18/($E18-$D18+1),0),"") -> 41 | AH18: =IF($C18<>1,"",IF('Base de Dados'!$B$7="Sim",IF(SUMIFS(P$5:P17,$B$5:$B17,$B18)<SUMIFS(AG$5:AG17,$B$5:$B17,$B18)-0.000000001,ROUNDUP(ROUND(MAX(AE18-SUMIFS(P$5:P17,$B$5:$B17,$B18),0)/($E18-$D18+1),6),0),ROUND(MAX(AE18-SUMIFS(P$5:P17,$B$5:$B17,$B18),0)/($E18-$D18+1),0)),MAX(AG18,IF(SUMIFS(P$5:P17,$B$5:$B17,$B18)<SUMIFS(AG$5:AG17,$B$5:$B17,$B18)-0.000000001,ROUNDUP(ROUND(MAX(AE18-SUMIFS(P$5:P17,$B$5:$B17,$B18),0)/($E18-$D18+1),6),0),ROUND(MAX(AE18-SUMIFS(P$5:P17,$B$5:$B17,$B18),0)/($E18-$D18+1),0))))) -> 62 | AI18: =IF($A18="",0,IF('Meta Diária'!K18<>"",'Meta Diária'!K18,IF(AND($C18=1,$A18>='Base de Dados'!$B$6),BA18,0))) -> 13 | AJ18: =AJ17+AI17 -> 0 | AK18: =IF($G18=1,IF(AJ18<AL18-0.000000001,1,0),"") | AL18: =IF($G18=1,SUMIFS(AW$5:AW17,$G$5:$G17,1),"") | AM18: =IF($G18=1,IF(AND($E18>=1,($F18-0)>0),IF(AK18=1,ROUNDUP(ROUND((MAX($AI$3-AJ18,0)-(0))/($F18-0),6),0),ROUND((MAX($AI$3-AJ18,0)-(0))/($F18-0),0)),0),"") | AN18: =IF($G18=1,IF(AND($E18>=2,($F18-1)>0),IF(AK18=1,ROUNDUP(ROUND((MAX($AI$3-AJ18,0)-(AM18))/($F18-1),6),0),ROUND((MAX($AI$3-AJ18,0)-(AM18))/($F18-1),0)),0),"") | AO18: =IF($G18=1,IF(AND($E18>=3,($F18-2)>0),IF(AK18=1,ROUNDUP(ROUND((MAX($AI$3-AJ18,0)-(AM18+AN18))/($F18-2),6),0),ROUND((MAX($AI$3-AJ18,0)-(AM18+AN18))/($F18-2),0)),0),"") | AP18: =IF($G18=1,IF(AND($E18>=4,($F18-3)>0),IF(AK18=1,ROUNDUP(ROUND((MAX($AI$3-AJ18,0)-(AM18+AN18+AO18))/($F18-3),6),0),ROUND((MAX($AI$3-AJ18,0)-(AM18+AN18+AO18))/($F18-3),0)),0),"") | AQ18: =IF($G18=1,IF(AND($E18>=5,($F18-4)>0),IF(AK18=1,ROUNDUP(ROUND((MAX($AI$3-AJ18,0)-(AM18+AN18+AO18+AP18))/($F18-4),6),0),ROUND((MAX($AI$3-AJ18,0)-(AM18+AN18+AO18+AP18))/($F18-4),0)),0),"") | AR18: =IF($G18=1,IF(AND($E18>=1,($F18-0)>0),ROUND((($AI$3-AL18)-(0))/($F18-0),0),0),"") | AS18: =IF($G18=1,IF(AND($E18>=2,($F18-1)>0),ROUND((($AI$3-AL18)-(AR18))/($F18-1),0),0),"") | AT18: =IF($G18=1,IF(AND($E18>=3,($F18-2)>0),ROUND((($AI$3-AL18)-(AR18+AS18))/($F18-2),0),0),"") | AU18: =IF($G18=1,IF(AND($E18>=4,($F18-3)>0),ROUND((($AI$3-AL18)-(AR18+AS18+AT18))/($F18-3),0),0),"") | AV18: =IF($G18=1,IF(AND($E18>=5,($F18-4)>0),ROUND((($AI$3-AL18)-(AR18+AS18+AT18+AU18))/($F18-4),0),0),"") | AW18: =IF($A18="","",IF($G18=1,(AR18+AS18+AT18+AU18+AV18),AW17)) -> 32 | AX18: =IF($A18="","",IF($G18=1,IF('Base de Dados'!$B$7="Sim",(AM18+AN18+AO18+AP18+AQ18),MAX(AW18,(AM18+AN18+AO18+AP18+AQ18))),AX17)) -> 52 | AY18: =IF($A18="","",IF($G18=1,AW18,AY17-N(AZ17))) -> 32 | AZ18: =IF($C18=1,ROUND(AY18/($E18-$D18+1),0),"") -> 8 | BA18: =IF($C18<>1,"",IF('Base de Dados'!$B$7="Sim",IF(SUMIFS(AI$5:AI17,$B$5:$B17,$B18)<SUMIFS(AZ$5:AZ17,$B$5:$B17,$B18)-0.000000001,ROUNDUP(ROUND(MAX(AX18-SUMIFS(AI$5:AI17,$B$5:$B17,$B18),0)/($E18-$D18+1),6),0),ROUND(MAX(AX18-SUMIFS(AI$5:AI17,$B$5:$B17,$B18),0)/($E18-$D18+1),0)),MAX(AZ18,IF(SUMIFS(AI$5:AI17,$B$5:$B17,$B18)<SUMIFS(AZ$5:AZ17,$B$5:$B17,$B18)-0.000000001,ROUNDUP(ROUND(MAX(AX18-SUMIFS(AI$5:AI17,$B$5:$B17,$B18),0)/($E18-$D18+1),6),0),ROUND(MAX(AX18-SUMIFS(AI$5:AI17,$B$5:$B17,$B18),0)/($E18-$D18+1),0))))) -> 13 | BB18: =IF($A18="",0,IF('Meta Diária'!M18<>"",'Meta Diária'!M18,IF(AND($C18=1,$A18>='Base de Dados'!$B$6),BT18,0))) -> 8 | BC18: =BC17+BB17 -> 0 | BD18: =IF($G18=1,IF(BC18<BE18-0.000000001,1,0),"") | BE18: =IF($G18=1,SUMIFS(BP$5:BP17,$G$5:$G17,1),"") | BF18: =IF($G18=1,IF(AND($E18>=1,($F18-0)>0),IF(BD18=1,ROUNDUP(ROUND((MAX($BB$3-BC18,0)-(0))/($F18-0),6),0),ROUND((MAX($BB$3-BC18,0)-(0))/($F18-0),0)),0),"") | BG18: =IF($G18=1,IF(AND($E18>=2,($F18-1)>0),IF(BD18=1,ROUNDUP(ROUND((MAX($BB$3-BC18,0)-(BF18))/($F18-1),6),0),ROUND((MAX($BB$3-BC18,0)-(BF18))/($F18-1),0)),0),"") | BH18: =IF($G18=1,IF(AND($E18>=3,($F18-2)>0),IF(BD18=1,ROUNDUP(ROUND((MAX($BB$3-BC18,0)-(BF18+BG18))/($F18-2),6),0),ROUND((MAX($BB$3-BC18,0)-(BF18+BG18))/($F18-2),0)),0),"") | BI18: =IF($G18=1,IF(AND($E18>=4,($F18-3)>0),IF(BD18=1,ROUNDUP(ROUND((MAX($BB$3-BC18,0)-(BF18+BG18+BH18))/($F18-3),6),0),ROUND((MAX($BB$3-BC18,0)-(BF18+BG18+BH18))/($F18-3),0)),0),"") | BJ18: =IF($G18=1,IF(AND($E18>=5,($F18-4)>0),IF(BD18=1,ROUNDUP(ROUND((MAX($BB$3-BC18,0)-(BF18+BG18+BH18+BI18))/($F18-4),6),0),ROUND((MAX($BB$3-BC18,0)-(BF18+BG18+BH18+BI18))/($F18-4),0)),0),"") | BK18: =IF($G18=1,IF(AND($E18>=1,($F18-0)>0),ROUND((($BB$3-BE18)-(0))/($F18-0),0),0),"") | BL18: =IF($G18=1,IF(AND($E18>=2,($F18-1)>0),ROUND((($BB$3-BE18)-(BK18))/($F18-1),0),0),"") | BM18: =IF($G18=1,IF(AND($E18>=3,($F18-2)>0),ROUND((($BB$3-BE18)-(BK18+BL18))/($F18-2),0),0),"") | BN18: =IF($G18=1,IF(AND($E18>=4,($F18-3)>0),ROUND((($BB$3-BE18)-(BK18+BL18+BM18))/($F18-3),0),0),"") | BO18: =IF($G18=1,IF(AND($E18>=5,($F18-4)>0),ROUND((($BB$3-BE18)-(BK18+BL18+BM18+BN18))/($F18-4),0),0),"") | BP18: =IF($A18="","",IF($G18=1,(BK18+BL18+BM18+BN18+BO18),BP17)) -> 20 | BQ18: =IF($A18="","",IF($G18=1,IF('Base de Dados'!$B$7="Sim",(BF18+BG18+BH18+BI18+BJ18),MAX(BP18,(BF18+BG18+BH18+BI18+BJ18))),BQ17)) -> 32 | BR18: =IF($A18="","",IF($G18=1,BP18,BR17-N(BS17))) -> 20 | BS18: =IF($C18=1,ROUND(BR18/($E18-$D18+1),0),"") -> 5 | BT18: =IF($C18<>1,"",IF('Base de Dados'!$B$7="Sim",IF(SUMIFS(BB$5:BB17,$B$5:$B17,$B18)<SUMIFS(BS$5:BS17,$B$5:$B17,$B18)-0.000000001,ROUNDUP(ROUND(MAX(BQ18-SUMIFS(BB$5:BB17,$B$5:$B17,$B18),0)/($E18-$D18+1),6),0),ROUND(MAX(BQ18-SUMIFS(BB$5:BB17,$B$5:$B17,$B18),0)/($E18-$D18+1),0)),MAX(BS18,IF(SUMIFS(BB$5:BB17,$B$5:$B17,$B18)<SUMIFS(BS$5:BS17,$B$5:$B17,$B18)-0.000000001,ROUNDUP(ROUND(MAX(BQ18-SUMIFS(BB$5:BB17,$B$5:$B17,$B18),0)/($E18-$D18+1),6),0),ROUND(MAX(BQ18-SUMIFS(BB$5:BB17,$B$5:$B17,$B18),0)/($E18-$D18+1),0))))) -> 8 | BU18: =IF($A18="",0,IF('Meta Diária'!O18<>"",'Meta Diária'!O18,IF(AND($C18=1,$A18>='Base de Dados'!$B$6),CM18,0))) -> 3 | BV18: =BV17+BU17 -> 0 | BW18: =IF($G18=1,IF(BV18<BX18-0.000000001,1,0),"") | BX18: =IF($G18=1,SUMIFS(CI$5:CI17,$G$5:$G17,1),"") | BY18: =IF($G18=1,IF(AND($E18>=1,($F18-0)>0),IF(BW18=1,ROUNDUP(ROUND((MAX($BU$3-BV18,0)-(0))/($F18-0),6),0),ROUND((MAX($BU$3-BV18,0)-(0))/($F18-0),0)),0),"") | BZ18: =IF($G18=1,IF(AND($E18>=2,($F18-1)>0),IF(BW18=1,ROUNDUP(ROUND((MAX($BU$3-BV18,0)-(BY18))/($F18-1),6),0),ROUND((MAX($BU$3-BV18,0)-(BY18))/($F18-1),0)),0),"") | CA18: =IF($G18=1,IF(AND($E18>=3,($F18-2)>0),IF(BW18=1,ROUNDUP(ROUND((MAX($BU$3-BV18,0)-(BY18+BZ18))/($F18-2),6),0),ROUND((MAX($BU$3-BV18,0)-(BY18+BZ18))/($F18-2),0)),0),"") | CB18: =IF($G18=1,IF(AND($E18>=4,($F18-3)>0),IF(BW18=1,ROUNDUP(ROUND((MAX($BU$3-BV18,0)-(BY18+BZ18+CA18))/($F18-3),6),0),ROUND((MAX($BU$3-BV18,0)-(BY18+BZ18+CA18))/($F18-3),0)),0),"") | CC18: =IF($G18=1,IF(AND($E18>=5,($F18-4)>0),IF(BW18=1,ROUNDUP(ROUND((MAX($BU$3-BV18,0)-(BY18+BZ18+CA18+CB18))/($F18-4),6),0),ROUND((MAX($BU$3-BV18,0)-(BY18+BZ18+CA18+CB18))/($F18-4),0)),0),"") | CD18: =IF($G18=1,IF(AND($E18>=1,($F18-0)>0),ROUND((($BU$3-BX18)-(0))/($F18-0),0),0),"") | CE18: =IF($G18=1,IF(AND($E18>=2,($F18-1)>0),ROUND((($BU$3-BX18)-(CD18))/($F18-1),0),0),"") | CF18: =IF($G18=1,IF(AND($E18>=3,($F18-2)>0),ROUND((($BU$3-BX18)-(CD18+CE18))/($F18-2),0),0),"") | CG18: =IF($G18=1,IF(AND($E18>=4,($F18-3)>0),ROUND((($BU$3-BX18)-(CD18+CE18+CF18))/($F18-3),0),0),"") | CH18: =IF($G18=1,IF(AND($E18>=5,($F18-4)>0),ROUND((($BU$3-BX18)-(CD18+CE18+CF18+CG18))/($F18-4),0),0),"") | CI18: =IF($A18="","",IF($G18=1,(CD18+CE18+CF18+CG18+CH18),CI17)) -> 6 | CJ18: =IF($A18="","",IF($G18=1,IF('Base de Dados'!$B$7="Sim",(BY18+BZ18+CA18+CB18+CC18),MAX(CI18,(BY18+BZ18+CA18+CB18+CC18))),CJ17)) -> 12 | CK18: =IF($A18="","",IF($G18=1,CI18,CK17-N(CL17))) -> 6 | CL18: =IF($C18=1,ROUND(CK18/($E18-$D18+1),0),"") -> 2 | CM18: =IF($C18<>1,"",IF('Base de Dados'!$B$7="Sim",IF(SUMIFS(BU$5:BU17,$B$5:$B17,$B18)<SUMIFS(CL$5:CL17,$B$5:$B17,$B18)-0.000000001,ROUNDUP(ROUND(MAX(CJ18-SUMIFS(BU$5:BU17,$B$5:$B17,$B18),0)/($E18-$D18+1),6),0),ROUND(MAX(CJ18-SUMIFS(BU$5:BU17,$B$5:$B17,$B18),0)/($E18-$D18+1),0)),MAX(CL18,IF(SUMIFS(BU$5:BU17,$B$5:$B17,$B18)<SUMIFS(CL$5:CL17,$B$5:$B17,$B18)-0.000000001,ROUNDUP(ROUND(MAX(CJ18-SUMIFS(BU$5:BU17,$B$5:$B17,$B18),0)/($E18-$D18+1),6),0),ROUND(MAX(CJ18-SUMIFS(BU$5:BU17,$B$5:$B17,$B18),0)/($E18-$D18+1),0))))) -> 3
A19: =IF($E$2+13<=EOMONTH($E$2,0),$E$2+13,"") -> 46309 | B19: =IF(A19="","",IF(COUNTIFS(H$6:H$36,H19,C$6:C$36,1)=0,"",IF(H19=H18,B18,1+MAX(B$5:B18)))) -> 3 | C19: =IF(A19="",0,IF(AND(WEEKDAY(A19,2)<=5,COUNTIF(Folgas!$A$5:$A$300,A19)=0),1,0)) -> 1 | D19: =IF(C19=1,COUNTIFS(B$6:B19,B19,C$6:C19,1),0) -> 2 | E19: =IF(OR(A19="",B19=""),0,COUNTIFS(B$6:B$36,B19,C$6:C$36,1)) -> 4 | F19: =IF(OR(A19="",B19=""),0,COUNTIFS(B$6:B$36,">="&B19,C$6:C$36,1)) -> 14 | G19: =IF(OR(A19="",B19=""),0,IF(B19=B18,0,1)) -> 0 | H19: =IF(A19="","",INT((A19-$E$3)/7)+1) -> 3 | J19: =IF($A19="",0,IF('Meta Diária'!G19<>"",'Meta Diária'!G19,IF(AND($C19=1,$A19>='Base de Dados'!$B$6),O19,0))) -> 2142.8571 | K19: =K18+J18 -> 2142.8571 | L19: =IF($A19="","",IF($G19=1,IF($B$2=0,0,$J$3*$E19/$B$2),L18)) -> 5714.2857 | M19: =IF($A19="","",IF($G19=1,IF('Base de Dados'!$B$7="Sim",IF($F19=0,0,MAX($J$3-K19,0)*$E19/$F19),MAX(L19,IF($F19=0,0,MAX($J$3-K19,0)*$E19/$F19))),M18)) -> 8571.4286 | N19: =IF($C19=1,M19/$E19,"") -> 2142.8571 | O19: =IF($C19<>1,"",IF('Base de Dados'!$B$7="Sim",MAX(M19-SUMIFS(J$5:J18,$B$5:$B18,$B19),0)/($E19-$D19+1),MAX(N19,MAX(M19-SUMIFS(J$5:J18,$B$5:$B18,$B19),0)/($E19-$D19+1)))) -> 2142.8571 | P19: =IF($A19="",0,IF('Meta Diária'!I19<>"",'Meta Diária'!I19,IF(AND($C19=1,$A19>='Base de Dados'!$B$6),AH19,0))) -> 62 | Q19: =Q18+P18 -> 62 | R19: =IF($G19=1,IF(Q19<S19-0.000000001,1,0),"") | S19: =IF($G19=1,SUMIFS(AD$5:AD18,$G$5:$G18,1),"") | T19: =IF($G19=1,IF(AND($E19>=1,($F19-0)>0),IF(R19=1,ROUNDUP(ROUND((MAX($P$3-Q19,0)-(0))/($F19-0),6),0),ROUND((MAX($P$3-Q19,0)-(0))/($F19-0),0)),0),"") | U19: =IF($G19=1,IF(AND($E19>=2,($F19-1)>0),IF(R19=1,ROUNDUP(ROUND((MAX($P$3-Q19,0)-(T19))/($F19-1),6),0),ROUND((MAX($P$3-Q19,0)-(T19))/($F19-1),0)),0),"") | V19: =IF($G19=1,IF(AND($E19>=3,($F19-2)>0),IF(R19=1,ROUNDUP(ROUND((MAX($P$3-Q19,0)-(T19+U19))/($F19-2),6),0),ROUND((MAX($P$3-Q19,0)-(T19+U19))/($F19-2),0)),0),"") | W19: =IF($G19=1,IF(AND($E19>=4,($F19-3)>0),IF(R19=1,ROUNDUP(ROUND((MAX($P$3-Q19,0)-(T19+U19+V19))/($F19-3),6),0),ROUND((MAX($P$3-Q19,0)-(T19+U19+V19))/($F19-3),0)),0),"") | X19: =IF($G19=1,IF(AND($E19>=5,($F19-4)>0),IF(R19=1,ROUNDUP(ROUND((MAX($P$3-Q19,0)-(T19+U19+V19+W19))/($F19-4),6),0),ROUND((MAX($P$3-Q19,0)-(T19+U19+V19+W19))/($F19-4),0)),0),"") | Y19: =IF($G19=1,IF(AND($E19>=1,($F19-0)>0),ROUND((($P$3-S19)-(0))/($F19-0),0),0),"") | Z19: =IF($G19=1,IF(AND($E19>=2,($F19-1)>0),ROUND((($P$3-S19)-(Y19))/($F19-1),0),0),"") | AA19: =IF($G19=1,IF(AND($E19>=3,($F19-2)>0),ROUND((($P$3-S19)-(Y19+Z19))/($F19-2),0),0),"") | AB19: =IF($G19=1,IF(AND($E19>=4,($F19-3)>0),ROUND((($P$3-S19)-(Y19+Z19+AA19))/($F19-3),0),0),"") | AC19: =IF($G19=1,IF(AND($E19>=5,($F19-4)>0),ROUND((($P$3-S19)-(Y19+Z19+AA19+AB19))/($F19-4),0),0),"") | AD19: =IF($A19="","",IF($G19=1,(Y19+Z19+AA19+AB19+AC19),AD18)) -> 164 | AE19: =IF($A19="","",IF($G19=1,IF('Base de Dados'!$B$7="Sim",(T19+U19+V19+W19+X19),MAX(AD19,(T19+U19+V19+W19+X19))),AE18)) -> 248 | AF19: =IF($A19="","",IF($G19=1,AD19,AF18-N(AG18))) -> 123 | AG19: =IF($C19=1,ROUND(AF19/($E19-$D19+1),0),"") -> 41 | AH19: =IF($C19<>1,"",IF('Base de Dados'!$B$7="Sim",IF(SUMIFS(P$5:P18,$B$5:$B18,$B19)<SUMIFS(AG$5:AG18,$B$5:$B18,$B19)-0.000000001,ROUNDUP(ROUND(MAX(AE19-SUMIFS(P$5:P18,$B$5:$B18,$B19),0)/($E19-$D19+1),6),0),ROUND(MAX(AE19-SUMIFS(P$5:P18,$B$5:$B18,$B19),0)/($E19-$D19+1),0)),MAX(AG19,IF(SUMIFS(P$5:P18,$B$5:$B18,$B19)<SUMIFS(AG$5:AG18,$B$5:$B18,$B19)-0.000000001,ROUNDUP(ROUND(MAX(AE19-SUMIFS(P$5:P18,$B$5:$B18,$B19),0)/($E19-$D19+1),6),0),ROUND(MAX(AE19-SUMIFS(P$5:P18,$B$5:$B18,$B19),0)/($E19-$D19+1),0))))) -> 62 | AI19: =IF($A19="",0,IF('Meta Diária'!K19<>"",'Meta Diária'!K19,IF(AND($C19=1,$A19>='Base de Dados'!$B$6),BA19,0))) -> 13 | AJ19: =AJ18+AI18 -> 13 | AK19: =IF($G19=1,IF(AJ19<AL19-0.000000001,1,0),"") | AL19: =IF($G19=1,SUMIFS(AW$5:AW18,$G$5:$G18,1),"") | AM19: =IF($G19=1,IF(AND($E19>=1,($F19-0)>0),IF(AK19=1,ROUNDUP(ROUND((MAX($AI$3-AJ19,0)-(0))/($F19-0),6),0),ROUND((MAX($AI$3-AJ19,0)-(0))/($F19-0),0)),0),"") | AN19: =IF($G19=1,IF(AND($E19>=2,($F19-1)>0),IF(AK19=1,ROUNDUP(ROUND((MAX($AI$3-AJ19,0)-(AM19))/($F19-1),6),0),ROUND((MAX($AI$3-AJ19,0)-(AM19))/($F19-1),0)),0),"") | AO19: =IF($G19=1,IF(AND($E19>=3,($F19-2)>0),IF(AK19=1,ROUNDUP(ROUND((MAX($AI$3-AJ19,0)-(AM19+AN19))/($F19-2),6),0),ROUND((MAX($AI$3-AJ19,0)-(AM19+AN19))/($F19-2),0)),0),"") | AP19: =IF($G19=1,IF(AND($E19>=4,($F19-3)>0),IF(AK19=1,ROUNDUP(ROUND((MAX($AI$3-AJ19,0)-(AM19+AN19+AO19))/($F19-3),6),0),ROUND((MAX($AI$3-AJ19,0)-(AM19+AN19+AO19))/($F19-3),0)),0),"") | AQ19: =IF($G19=1,IF(AND($E19>=5,($F19-4)>0),IF(AK19=1,ROUNDUP(ROUND((MAX($AI$3-AJ19,0)-(AM19+AN19+AO19+AP19))/($F19-4),6),0),ROUND((MAX($AI$3-AJ19,0)-(AM19+AN19+AO19+AP19))/($F19-4),0)),0),"") | AR19: =IF($G19=1,IF(AND($E19>=1,($F19-0)>0),ROUND((($AI$3-AL19)-(0))/($F19-0),0),0),"") | AS19: =IF($G19=1,IF(AND($E19>=2,($F19-1)>0),ROUND((($AI$3-AL19)-(AR19))/($F19-1),0),0),"") | AT19: =IF($G19=1,IF(AND($E19>=3,($F19-2)>0),ROUND((($AI$3-AL19)-(AR19+AS19))/($F19-2),0),0),"") | AU19: =IF($G19=1,IF(AND($E19>=4,($F19-3)>0),ROUND((($AI$3-AL19)-(AR19+AS19+AT19))/($F19-3),0),0),"") | AV19: =IF($G19=1,IF(AND($E19>=5,($F19-4)>0),ROUND((($AI$3-AL19)-(AR19+AS19+AT19+AU19))/($F19-4),0),0),"") | AW19: =IF($A19="","",IF($G19=1,(AR19+AS19+AT19+AU19+AV19),AW18)) -> 32 | AX19: =IF($A19="","",IF($G19=1,IF('Base de Dados'!$B$7="Sim",(AM19+AN19+AO19+AP19+AQ19),MAX(AW19,(AM19+AN19+AO19+AP19+AQ19))),AX18)) -> 52 | AY19: =IF($A19="","",IF($G19=1,AW19,AY18-N(AZ18))) -> 24 | AZ19: =IF($C19=1,ROUND(AY19/($E19-$D19+1),0),"") -> 8 | BA19: =IF($C19<>1,"",IF('Base de Dados'!$B$7="Sim",IF(SUMIFS(AI$5:AI18,$B$5:$B18,$B19)<SUMIFS(AZ$5:AZ18,$B$5:$B18,$B19)-0.000000001,ROUNDUP(ROUND(MAX(AX19-SUMIFS(AI$5:AI18,$B$5:$B18,$B19),0)/($E19-$D19+1),6),0),ROUND(MAX(AX19-SUMIFS(AI$5:AI18,$B$5:$B18,$B19),0)/($E19-$D19+1),0)),MAX(AZ19,IF(SUMIFS(AI$5:AI18,$B$5:$B18,$B19)<SUMIFS(AZ$5:AZ18,$B$5:$B18,$B19)-0.000000001,ROUNDUP(ROUND(MAX(AX19-SUMIFS(AI$5:AI18,$B$5:$B18,$B19),0)/($E19-$D19+1),6),0),ROUND(MAX(AX19-SUMIFS(AI$5:AI18,$B$5:$B18,$B19),0)/($E19-$D19+1),0))))) -> 13 | BB19: =IF($A19="",0,IF('Meta Diária'!M19<>"",'Meta Diária'!M19,IF(AND($C19=1,$A19>='Base de Dados'!$B$6),BT19,0))) -> 8 | BC19: =BC18+BB18 -> 8 | BD19: =IF($G19=1,IF(BC19<BE19-0.000000001,1,0),"") | BE19: =IF($G19=1,SUMIFS(BP$5:BP18,$G$5:$G18,1),"") | BF19: =IF($G19=1,IF(AND($E19>=1,($F19-0)>0),IF(BD19=1,ROUNDUP(ROUND((MAX($BB$3-BC19,0)-(0))/($F19-0),6),0),ROUND((MAX($BB$3-BC19,0)-(0))/($F19-0),0)),0),"") | BG19: =IF($G19=1,IF(AND($E19>=2,($F19-1)>0),IF(BD19=1,ROUNDUP(ROUND((MAX($BB$3-BC19,0)-(BF19))/($F19-1),6),0),ROUND((MAX($BB$3-BC19,0)-(BF19))/($F19-1),0)),0),"") | BH19: =IF($G19=1,IF(AND($E19>=3,($F19-2)>0),IF(BD19=1,ROUNDUP(ROUND((MAX($BB$3-BC19,0)-(BF19+BG19))/($F19-2),6),0),ROUND((MAX($BB$3-BC19,0)-(BF19+BG19))/($F19-2),0)),0),"") | BI19: =IF($G19=1,IF(AND($E19>=4,($F19-3)>0),IF(BD19=1,ROUNDUP(ROUND((MAX($BB$3-BC19,0)-(BF19+BG19+BH19))/($F19-3),6),0),ROUND((MAX($BB$3-BC19,0)-(BF19+BG19+BH19))/($F19-3),0)),0),"") | BJ19: =IF($G19=1,IF(AND($E19>=5,($F19-4)>0),IF(BD19=1,ROUNDUP(ROUND((MAX($BB$3-BC19,0)-(BF19+BG19+BH19+BI19))/($F19-4),6),0),ROUND((MAX($BB$3-BC19,0)-(BF19+BG19+BH19+BI19))/($F19-4),0)),0),"") | BK19: =IF($G19=1,IF(AND($E19>=1,($F19-0)>0),ROUND((($BB$3-BE19)-(0))/($F19-0),0),0),"") | BL19: =IF($G19=1,IF(AND($E19>=2,($F19-1)>0),ROUND((($BB$3-BE19)-(BK19))/($F19-1),0),0),"") | BM19: =IF($G19=1,IF(AND($E19>=3,($F19-2)>0),ROUND((($BB$3-BE19)-(BK19+BL19))/($F19-2),0),0),"") | BN19: =IF($G19=1,IF(AND($E19>=4,($F19-3)>0),ROUND((($BB$3-BE19)-(BK19+BL19+BM19))/($F19-3),0),0),"") | BO19: =IF($G19=1,IF(AND($E19>=5,($F19-4)>0),ROUND((($BB$3-BE19)-(BK19+BL19+BM19+BN19))/($F19-4),0),0),"") | BP19: =IF($A19="","",IF($G19=1,(BK19+BL19+BM19+BN19+BO19),BP18)) -> 20 | BQ19: =IF($A19="","",IF($G19=1,IF('Base de Dados'!$B$7="Sim",(BF19+BG19+BH19+BI19+BJ19),MAX(BP19,(BF19+BG19+BH19+BI19+BJ19))),BQ18)) -> 32 | BR19: =IF($A19="","",IF($G19=1,BP19,BR18-N(BS18))) -> 15 | BS19: =IF($C19=1,ROUND(BR19/($E19-$D19+1),0),"") -> 5 | BT19: =IF($C19<>1,"",IF('Base de Dados'!$B$7="Sim",IF(SUMIFS(BB$5:BB18,$B$5:$B18,$B19)<SUMIFS(BS$5:BS18,$B$5:$B18,$B19)-0.000000001,ROUNDUP(ROUND(MAX(BQ19-SUMIFS(BB$5:BB18,$B$5:$B18,$B19),0)/($E19-$D19+1),6),0),ROUND(MAX(BQ19-SUMIFS(BB$5:BB18,$B$5:$B18,$B19),0)/($E19-$D19+1),0)),MAX(BS19,IF(SUMIFS(BB$5:BB18,$B$5:$B18,$B19)<SUMIFS(BS$5:BS18,$B$5:$B18,$B19)-0.000000001,ROUNDUP(ROUND(MAX(BQ19-SUMIFS(BB$5:BB18,$B$5:$B18,$B19),0)/($E19-$D19+1),6),0),ROUND(MAX(BQ19-SUMIFS(BB$5:BB18,$B$5:$B18,$B19),0)/($E19-$D19+1),0))))) -> 8 | BU19: =IF($A19="",0,IF('Meta Diária'!O19<>"",'Meta Diária'!O19,IF(AND($C19=1,$A19>='Base de Dados'!$B$6),CM19,0))) -> 3 | BV19: =BV18+BU18 -> 3 | BW19: =IF($G19=1,IF(BV19<BX19-0.000000001,1,0),"") | BX19: =IF($G19=1,SUMIFS(CI$5:CI18,$G$5:$G18,1),"") | BY19: =IF($G19=1,IF(AND($E19>=1,($F19-0)>0),IF(BW19=1,ROUNDUP(ROUND((MAX($BU$3-BV19,0)-(0))/($F19-0),6),0),ROUND((MAX($BU$3-BV19,0)-(0))/($F19-0),0)),0),"") | BZ19: =IF($G19=1,IF(AND($E19>=2,($F19-1)>0),IF(BW19=1,ROUNDUP(ROUND((MAX($BU$3-BV19,0)-(BY19))/($F19-1),6),0),ROUND((MAX($BU$3-BV19,0)-(BY19))/($F19-1),0)),0),"") | CA19: =IF($G19=1,IF(AND($E19>=3,($F19-2)>0),IF(BW19=1,ROUNDUP(ROUND((MAX($BU$3-BV19,0)-(BY19+BZ19))/($F19-2),6),0),ROUND((MAX($BU$3-BV19,0)-(BY19+BZ19))/($F19-2),0)),0),"") | CB19: =IF($G19=1,IF(AND($E19>=4,($F19-3)>0),IF(BW19=1,ROUNDUP(ROUND((MAX($BU$3-BV19,0)-(BY19+BZ19+CA19))/($F19-3),6),0),ROUND((MAX($BU$3-BV19,0)-(BY19+BZ19+CA19))/($F19-3),0)),0),"") | CC19: =IF($G19=1,IF(AND($E19>=5,($F19-4)>0),IF(BW19=1,ROUNDUP(ROUND((MAX($BU$3-BV19,0)-(BY19+BZ19+CA19+CB19))/($F19-4),6),0),ROUND((MAX($BU$3-BV19,0)-(BY19+BZ19+CA19+CB19))/($F19-4),0)),0),"") | CD19: =IF($G19=1,IF(AND($E19>=1,($F19-0)>0),ROUND((($BU$3-BX19)-(0))/($F19-0),0),0),"") | CE19: =IF($G19=1,IF(AND($E19>=2,($F19-1)>0),ROUND((($BU$3-BX19)-(CD19))/($F19-1),0),0),"") | CF19: =IF($G19=1,IF(AND($E19>=3,($F19-2)>0),ROUND((($BU$3-BX19)-(CD19+CE19))/($F19-2),0),0),"") | CG19: =IF($G19=1,IF(AND($E19>=4,($F19-3)>0),ROUND((($BU$3-BX19)-(CD19+CE19+CF19))/($F19-3),0),0),"") | CH19: =IF($G19=1,IF(AND($E19>=5,($F19-4)>0),ROUND((($BU$3-BX19)-(CD19+CE19+CF19+CG19))/($F19-4),0),0),"") | CI19: =IF($A19="","",IF($G19=1,(CD19+CE19+CF19+CG19+CH19),CI18)) -> 6 | CJ19: =IF($A19="","",IF($G19=1,IF('Base de Dados'!$B$7="Sim",(BY19+BZ19+CA19+CB19+CC19),MAX(CI19,(BY19+BZ19+CA19+CB19+CC19))),CJ18)) -> 12 | CK19: =IF($A19="","",IF($G19=1,CI19,CK18-N(CL18))) -> 4 | CL19: =IF($C19=1,ROUND(CK19/($E19-$D19+1),0),"") -> 1 | CM19: =IF($C19<>1,"",IF('Base de Dados'!$B$7="Sim",IF(SUMIFS(BU$5:BU18,$B$5:$B18,$B19)<SUMIFS(CL$5:CL18,$B$5:$B18,$B19)-0.000000001,ROUNDUP(ROUND(MAX(CJ19-SUMIFS(BU$5:BU18,$B$5:$B18,$B19),0)/($E19-$D19+1),6),0),ROUND(MAX(CJ19-SUMIFS(BU$5:BU18,$B$5:$B18,$B19),0)/($E19-$D19+1),0)),MAX(CL19,IF(SUMIFS(BU$5:BU18,$B$5:$B18,$B19)<SUMIFS(CL$5:CL18,$B$5:$B18,$B19)-0.000000001,ROUNDUP(ROUND(MAX(CJ19-SUMIFS(BU$5:BU18,$B$5:$B18,$B19),0)/($E19-$D19+1),6),0),ROUND(MAX(CJ19-SUMIFS(BU$5:BU18,$B$5:$B18,$B19),0)/($E19-$D19+1),0))))) -> 3
